0,1
D0R7WU,9C61
D05HFY,DB61-GB90
D0U5QK,MG30-MG3Z
D0E1SW,9C61
D0R9BG,GC08
D0Q9HF,9B10
D05QDC,EA90
D0JC9N,ED80
D0C9ET,2B91
D0G3PI,2B57
D00VZZ,6A70-6A7Z
D0P0SM,8A80
D0NJ5H,5A11
D0I0DL,5C5A
D0I0DL,MG30
D0L4SD,BA00-BE2Z
D06IAQ,8C6Y
D00DPJ,BA20-BA21
D0B7OD,8A80
D0M6DO,5A70
D0Y7ZD,ED80
D01WJL,DD72
D0Y5UG,6A70-6A7Z
D0G5UB,CA07
D04NQI,1F40-1F45
D0D0YM,BA00-BA04
D02DWM,1F29-1F2F
D0T8XB,5A11
D0G6SE,BA04
D02DPU,8B1Z
D0MT0M,9C40
D08XYX,GA20-GA21
D0S7LG,2A60
D0C4LF,2C30
D0C4LF,2C30
D0S3WH,1F40-1F45
D03KEK,1F40-1F45
D0D4JO,1F40-1F45
D0D4JO,1F40-1F45
D0W1DI,3B64
D0W1DI,3B64
D0F3IP,8B1Z
D05XSJ,8E02
D0GY5Z,BA00-BE2Z
D0GY5Z,BA41-BA43
D0GY5Z,MG30-MG3Z
D06ZEE,1F29-1F2F
D0E4WR,ED80
D0O5AG,1E30-1E32
D0G3EC,GA20-GA21
D0Y7IC,FA20
D0Y7IC,FA20
D06SBB,NE84
D06REO,9C61
D0N8DP,6B00-6B0Z
D0Z3DY,FA25
D02DKD,MD90
D0L2MX,BA00
D0DV4J,EL8Y
D0RA5Q,2A60
D0M9QK,BA00-BE2Z
D01OUE,DD90
D04KBL,9C61
D0N0RU,2B01
D09KRE,1A04
D02VJY,2C73
D04AIT,1A00-1C4Z
D0SH3I,2A83
D0AE3X,9C61
D05CEO,CA23
D05CEO,EA90
D06ORU,MG30-MG3Z
D02QCM,FB85
D08DFX,5A10
D08DFX,5A11
D08DFX,5A11
D0I6IP,1A00-1C4Z
D05XGO,6A60
D0AY7K,BA00-BA04
D0CA0P,FA20
D0Y9TS,5A4Y
D0Y9TS,2A00-2F9Z
D06EMT,N.A.
D09EGZ,1F40-1F45
D06CDO,MG43
D00BCP,5A11
D0OR2L,5C57
D0OR2L,5C52-5C59
D02DPA,DA22
D0O1WX,1A00-1C4Z
D0Y5DO,6A70-6A7Z
D0S9MC,6B00-6B0Z
D0ZS8P,6A70-6A7Z
D03SKR,BA00-BA04
D0Z1RV,6A20
D0W6LI,5A74
D09VXM,1A2Z
D02WFK,1A00-1C4Z
D02WFK,1B10-1B14
D0O3YF,EA90
D01TNW,5A11
D0Y6QC,5A11
D0E6XR,2A83
D01XWG,2A60
D01XWG,2A00-2F9Z
D0N0OU,3A50
D06IDT,9C61
D0J3RY,2A60-2B33
D0RX7Z,2A60
D01UTL,6A70-6A7Z
D0U7SH,5A2Y
D06CGB,QA21
D0U6BJ,GA0Z
D0U3DU,MB24
D00KFB,MD12
D0D4PB,MG30-MG3Z
D0TG1H,FA00-FA05
D02TJS,GA20-GA21
D02TJS,DB61-GB90
D0M3QP,BC9Z
D02OZE,BC9Z
D0N6FH,1F40-1F45
D0O4CV,8A80
D0OK5Q,DA61
D0W9VB,MD90
D0F9GE,BA00-BA04
D00AOJ,1F00
D0NS6H,8A20
D05UYW,9C61
D09NNA,2C60-2C6Z
D05CPV,BA40
D0PG0G,8B1Z
D0PG0G,1G40-1G41
D01AXB,6A70-6A7Z
D0A9YA,GA90
D0S5LH,8C6Y
D0VG7Y,GA10
D02DMQ,8A80
D0J8IJ,5C50-5D2Z
D0JO3U,2A00-2F9Z
D00PEH,3B64
D06ALD,5A10
D0S9SD,1E50-1E51
D0WH4P,2A60
D05LTY,FA20
D06MRY,NE84
D03KOZ,8C0Z
D03KOZ,MG30-MG3Z
D0K3VA,CA20
D0I5QX,FA20
D0I5QX,EB40
D0CK3G,7A00-7A0Z
D07INV,DA63
D07INV,9C61
D0R2KY,QA21
D00NNC,FB85
D02KIU,QA21
D0K0OZ,DA61
D0Y7EM,FA20
D0R6BI,BA00-BA04
D03XYW,FA20
D0J0KD,EL8Y
D06LNW,1A04
D01IXD,GC08
D08IWD,GA90
D03DAP,BC71
D0S9CB,6A60-6E23
D0R7JT,5C72
D0D5GD,PC91
D0TR5X,6A70-6A7Z
D0P5SA,6A20-6A25
D03HFG,6A70-6A7Z
D01GYT,1A00-1C4Z
D0N3UL,MG30-MG3Z
D09UXE,1F40-1F45
D06FPQ,8A80
D05PHH,DC31-DC34
D00EEL,7A00-7A0Z
D0R9VR,8A20
D00RJJ,5A80
D00PBX,2A00-2F9Z
D00PBX,2A00-2F9Z
D05VIX,5C80
D0VR7W,1A00-1C4Z
D04ELD,CA21
D0B2GI,5A2Y
D0Z4SB,5A2Y
D06HBQ,5A2Y
D04NTJ,5A11
D0M8AB,5B50-5B71
D03JAA,5A2Y
D0JL2K,1A00-1C4Z
D0L4HY,BA00
D0U3CR,BA00-BA04
D06XWB,8A20
D0R1QE,MG30-MG3Z
D09PZO,1F00
D06CZJ,GB04
D0M8VE,6A20
D06ZUK,6A70-6A7Z
D09ZOQ,CA22
D09HNV,2C73
D0V4JQ,8A40
D0CQ2O,8A40
D0CH1U,3A70
D0B2OT,9C61
D00DKK,ED80
D0I8CA,1A00-1C4Z
D0S9QA,BA40
D09YHJ,1F6B
D08NMV,FA21
D04BCW,MG30-MG3Z
D05IPF,5A2Y
D09LSX,2C73
D0O5WD,2A00-2F9Z
D07WXE,CA00
D07TOK,2A00-2F9Z
D09NMD,1A24-1D9Z
D08ROP,FA20
D08ROP,8A40
D0Q5NX,2A83
D0B6TW,2A00-2F9Z
D0CF2Q,1D0Y-1G2Z
D02RSN,1A00-1C4Z
D0BA9U,QA21
D0T3HY,MG30-MG3Z
D0L7VL,BA40
D0Q9EV,9E1Z
D02EYG,5A11
D0K0MW,6C43
D0N3ZJ,8A80
D0UL2L,8A80
D0DZ3X,5B50-5B71
D0Y7OJ,BB01
D01QGX,6A20
D0TD1R,3B64
D0M5JI,6B00-6B0Z
D0S7JH,BA00-BE2Z
D0P7EK,CA24
D0P7EK,GB60-GB6Z
D0NR6S,CA22
D02KBD,6B00-6B0Z
D08IFL,ME82
D0I2SD,2A00-2F9Z
D0GQ7K,1F40-1F45
D0V7DW,1C1C
D00UYE,MG30-MG3Z
D0Y4AW,6B00-6B0Z
D0Y4AW,1F40-1F45
D0D7LA,5A11
D04MWJ,CA23
D09OJQ,MD12
D0P6UB,MG30-MG3Z
D0C2II,9C61
D0SV8E,2A00-2F9Z
D0SV8E,2A60-2B33
D0D3DU,2A00-2F9Z
D09GYT,BA00-BA04
D08SKH,2B01
D08SKH,EA90
D0Y6KO,BA00-BA04
D0M6VK,DA61
D0Z9EO,5A2Y
D09VGC,6A70-6A7Z
D00FGR,1F54
D0W8SJ,6A70-6A7Z
D0P2YU,5A2Y
D0PK5M,DD70
D0W2HD,2B01
D0W2HD,2A00-2F9Z
D0W2HD,2A90
D04MML,2B01
D04MML,2B02
D0Q4TK,1F6Y
D00BDC,AA80-AB0Z
D0ZV0Z,1A00-1C4Z
D0F4NS,5C72
D03JSJ,1A00-1C4Z
D07XHO,DC31-DC34
D07XHO,1G40-1G41
D08WYM,GA10
D0T3KI,8A80
D0B8UJ,2A60-2B33
D08USJ,8C6Y
D02IHW,FA00-FA05
D0V2GH,8B1Z
D0O2SR,BA40
D0DN0W,2C74
D0Q9DK,DA22
D0GL7U,2A00-2F9Z
D0Q2PE,1A00-1C4Z
D09QZI,QA21
D04WFD,6A70-6A7Z
D08XAC,1F29-1F2F
D03NHW,1A00-1C4Z
D00KRE,DD71
D06NXD,2A00-2F9Z
D0O5NK,1E30-1E32
D05ZSB,5A70
D08PCE,1F6G
D0M9DC,FA20
D07QLG,BA21
D09EBS,9A02
D02NSF,MG30-MG3Z
D02NSF,MG30-MG3Z
D00ZTD,1F40-1F45
D0X1HE,1A00-1C4Z
D0X1HE,1B72
D0L0MK,JA43
D0A1AS,1C80
D06GDY,6A70-6A7Z
D0TV0C,5A70
D0Z2YQ,5C76
D06ZIT,FA25
D04YXL,5A11
D0O5TQ,N.A.
D05EAM,1F29-1F2F
D0W6DG,MG30-MG3Z
D0P2IW,1E30-1E32
D0K8MP,1G04
D0Q3VE,5A11
D0Q3VE,5A11
D0Q3VE,5A11
D08FTG,BB00
D0QV5T,DB61-GB90
D0H7AV,BC65
D0Z4UN,EA80
D0P0SZ,1F40-1F45
D0T0LM,DA61
D0T7WL,BC65
D0LW4O,8A40
D05ZPL,EF20
D05ZPL,EF20
D0LW9U,BD74-BD75
D0A3ZU,4A42
D0X7NU,NE6Z
D0K0EK,BA00-BE2Z
D0K0EK,CA22
D0L9ZR,1F70-1F86
D0H2DQ,BA80
D0U5SI,BC71
D07BSQ,QA21
D07BSQ,JB00
D0V3SB,5C5A
D03NTJ,6A20
D03PYO,3B64
D0J2KV,BC71
D00MIN,5A02
D00MYQ,6A70-6A7Z
D0O2WB,8C6Y
D0E0KQ,1F40-1F45
D03DDR,1F40-1F45
D0B8WN,DA61
D02JYA,1B97
D0N8FQ,6A70-6A7Z
D0N5YA,5A2Y
D0K1ST,CA22
D08VSI,3B64
D05CHI,1B10-1B21
D05CHI,1B10-1B14
D0G3DL,1B10-1B14
D0G9IU,1B10-1B14
D06OFS,BA00-BA04
D0T6WN,MG30-MG3Z
D0WY5Q,8A20
D0S9MU,8A80
D01PZD,2A83
D01PZD,2A37
D01PZD,3B64
D04LKS,2C10
D07HBX,EA81
D0K0AT,BA00-BA04
D0G6VL,5A2Y
D0K9MY,5A11
D0CH4A,5C51-5C57
D0P7PW,CA22
D06LDT,QA21
D06VML,6A70-6A7Z
D0K0TC,6A70-6A7Z
D0U2JP,5A11
D0U2JP,5A11
D0P2GK,8B61
D0Z5SM,2E81-2F2Y
D03AZK,5C76
D03TGJ,1A24-1D9Z
D0K6GZ,1A00-1C4Z
D06UTT,2A00-2F9Z
D06VNK,5B50-5B71
D06ULU,ED80
D0K1QD,1A00-1C4Z
D0A4YE,1A00-1C4Z
D03DEI,FA25
D0Z5IU,FA20
D0Z6UC,8A80
D0M3AH,EL8Y
D0E6YQ,8A20
D06OMK,NE84
D07TWN,1F40-1F45
D07TWN,1F40-1F45
D0W0MF,MB24
D0K4MH,MG31
D08FOR,1A24-1D9Z
D0MD8D,1E70
D0Q2WS,BA00-BA04
D07QFP,5C80
D07QFP,8A40
D07QFP,FA20
D06XMU,5A81
D0C7ET,1A00-1C4Z
D0U7GK,2A83
D0F8RA,CA22
D08QCJ,8D64
D02ZXM,2A60
D0KT3X,GA20-GA21
D0ED7U,6B00-6B0Z
D0U9MR,MG30-MG3Z
D0P1WA,CA22
D01PJR,BC71
D0EG1I,FA20
D09FJB,5A2Y
D06OIV,5A11
D02PMO,2C73
D04XVN,2C30
D00USF,6A70-6A7Z
D02DGU,ED80
D09VAZ,5C50-5C59
D05NOS,6A20-6A25
D09GFL,8A02
D0AO5H,GC08
D03WPA,1A00-1C4Z
D0F0ZE,2B72
D0F0ZE,2D42
D0F0ZE,1E50-1E51
D0V4WD,QA21
D0E8UO,BA41-BA43
D01PQM,N.A.
D0N5ZS,DD70
D0N5ZS,DD71
D0P1UX,6A70-6A7Z
D0L3DK,5A11
D0W9MM,2A00-2F9Z
D0S7WX,9D45
D07AHW,GC08
D03WEX,6A60-6E23
D00NPP,1E30-1E32
D00NPP,1E30-1E32
D01XYJ,1A24-1D9Z
D09JUG,CA23
D0NG7O,8A80
D0T1WN,7A00-7A0Z
D0T1WN,7A00-7A0Z
D0T6QX,6B00-6B0Z
D0Y4LX,1E30-1E32
D0U3YU,8B1Z
D0T6RC,MG30
D04DJN,GA90
D0B0AX,2A80-2A86
D0FT4R,DD70
D0FT4R,8A40
D0FT4R,FA21
D0FT4R,EB21
D0FT4R,FA20
D0FT4R,DD71
D01BOJ,5A10
D0F4QV,MG30
D0F4QV,4A00-4A85
D08AMJ,4B24
D07CIN,8A20
D02ZHW,2C30
D08PXR,CA23
D0M9QZ,2A00-2F9Z
D0ER5F,BA40
D09KRV,NA00-ND5Z
D02HBB,2A85
D0K7FT,2A41
D0K7FT,2A60
D0X1VJ,BD52
D0G8UL,BA40
D0G8UL,BA41-BA42
D0O9UZ,BD4Z
D0CE0O,8C70
D03YZJ,MG30-MG3Z
D08POF,3B64
D0G6ZG,BA41-BA43
D0G6ZG,DB61-GB90
D0K8NR,8A20
D0K8NR,CA23
D0K8NR,HA00-HA01
D07HLS,BD40
D07HLS,5C80
D02XMN,8A40
D0GX3L,LD55
D06GRK,8A20
D0D7UD,DB61-GB90
D06EIC,EA90
D06EIC,FA20
D00GZY,5A10
D04YWM,2A80-2A86
D04YWM,8A40
D04YWM,FA20
D09IRQ,CA25
D09IRQ,8C70
D09IRQ,8C70
D0C0NH,2B6B
D0Z6IB,8A20
D0Z6IB,MG30-MG3Z
D0Z6IB,6A20
D0T5DP,2C30
D0T5DP,2D10
D07FKQ,8A40
D07FKQ,FA20
D03SKL,2A00-2F9Z
D05LDQ,8B20
D01ODU,AA80-AB0Z
D0V9WA,2A00-2F9Z
D09BKY,2B91
D08CGU,2A80-2A86
D0UT4W,2A86
D0L8PH,8A40
D0XM4G,GB40
D08GJH,6A20
D0V9VG,8A80
D0V9VG,8A80
D04MSX,MG30-MG3Z
D09YDM,2A00-2F9Z
D0WF7K,BA00-BA04
D0A9SA,2A00-2F9Z
D08TEJ,ED80
D08TEJ,ED80
D06XVF,2A00-2F9Z
D09NTC,2A60
D09NTC,2A81
D09NTC,2A37
D07DTM,AA00-AA13
D0W2CX,FA20
D0MW3H,FA20
D0G3LM,8B20
D0NX5K,8C0Z
D0X6XH,6A20
D0W5NW,2A00-2F9Z
D04FYL,2D80
D04FYL,2B6E
D06WPM,6B60
D04VSM,1E30-1E32
D07SDQ,2A00-2F9Z
D07SDQ,2A00-2F9Z
D0VP9E,SA80-SA8Z
D01FDL,6D71
D05SSC,5C80
D0H0UB,CA22
D0R7YY,BA20-BA21
D0W6KM,6B82
D0W6KM,6A60-6E23
D01XHG,6D71
D01KNA,5A10
D0G6TL,5A10
D09JFY,GA90
D04XIO,5A11
D02WVT,2A00-2F9Z
D0I1DW,2B72
D02KRI,ED72
D01LYX,6D71
D0H6QD,8A80
D0D9NY,BA00-BE2Z
D0D9NY,5C80-5C81
D0H5IZ,2C73
D02XXN,BA00-BE2Z
D01FUC,2A00-2F9Z
D0V5KW,4A00-4A85
D0V1SA,2B52
D0V1SA,2C30
D0V1SA,2C30
D0V1SA,2C73
D0V1SA,2C73
D0V1SA,2A00-2F9Z
D0M0WV,5A11
D00EWR,5A2Y
D0X8VV,FA20
D05MNV,1F40-1F45
D03JTG,2A00-2F9Z
D03JTG,2A00-2F9Z
D04QPD,1E91
D09XUH,DA63
D0PL3N,MD12
D0ZD3C,5A2Y
D0ZD3C,5A11
D0L9IA,2C73
D0L9IA,2C10
D0N4EO,CA23
D03QBT,2B70
D0A4UC,BA40-BA6Z
D04LBC,1A00-1C4Z
D04LBC,CA40
D01ZNH,6B60
D0V0KJ,5A11
D05UXU,8A20
D0OX9W,NE84
D0IV6S,2B72
D07TMR,2A00-2F9Z
D0M7NS,5C80
D0GH3Q,8C70
D0Q0EF,6A70-6A7Z
D0Q0EF,7A00-7A0Z
D0Q0EF,6A20
D0R4OI,MG30-MG3Z
D02CZK,2C73
D0O9VW,FA00-FC0Z
D02ZBW,5A11
D0F1CE,5C80
D0SM8S,EA80
D0SM8S,CA22
D0SM8S,CA23
D08RTN,2A00-2F9Z
D07AHC,6A60-6E23
D07EEN,5C72
D05XDZ,2A60
D05XDZ,8A20
D03XWL,6A20
D09IRN,6A20
D0U7IL,BA00-BE2Z
D0U7IL,5A10
D0U7IL,5A11
D0U7IL,5A11
D0B6RA,6A20
D0HZ2E,7A00-7B2Z
D07WXI,1D82
D0F7YW,2A00-2F9Z
D0C2OR,8A20
D0E7QB,EA90
D07GXR,8A80
D07GXR,8A80
D0M3XR,5A11
D0ZD2M,2A41
D0ZD2M,2A00-2F9Z
D0ZD2M,2A37
D0ZD2M,2B6B
D0D5ZJ,3B63
D0O3OK,1C80
D00UUL,3B10
D0F8UV,2B72
D0P0RX,BD54
D0P0RX,BD54
D02HUB,GA10
D0X3GA,4B24
D0D0LH,8A40
D0S0HA,2A60-2C35
D03SIA,3B10
D05RJP,2C30
D05RJP,2A83
D00NUG,FA20
D00NUG,FA20
D07EDB,DD70
D07EDB,8A40
D07EDB,DD71
D02AYL,1B10-1B21
D0D9HZ,FA20
D0D9HZ,FA20
D08JWJ,BB01
D0MW7B,8A20
D09APA,3B10
D0P0ZY,6A20
D0Y4SI,8A40
D0D5ZU,NE84
D09YDO,CA23
D0X4NF,2C10
D0K8TI,8C0Z
D0B3XG,3B12
D0LJ1B,NE84
D0LJ1B,NE84
D04WQT,5A11
D0XW9L,1A00-1C4Z
D0AJ5E,DD70
D0BN7W,9C61
D0O9UN,CA23
D0O9UN,EA80
D09XMX,5A2Y
D0R9HI,8A20
D0R9HI,8A20
D02MBN,FA00-FA05
D01XVF,FA20
D0Y2JM,3A00
D06VFP,CA23
D0J1WI,4A01-4B41
D07PVB,2A00-2F9Z
D04PLI,7A00
D04PLI,6A20
D04PLI,7A00-7B2Z
D04RNN,CA22
D0MZ9A,6D71
D0N6SO,5C50-5D2Z
D0N6SO,5A11
D0U6UK,2A83
D0GY4H,BE2Z
D0F2WP,GA10
D0F2WP,GA10
D0V1WQ,5A11
D0FQ2U,2A00-2F9Z
D01JLO,8B1Z
D01JLO,8B20
D0XV4Z,CA22
D07VIB,8B1Z
D07VIB,DB61-GB90
D02RQT,FA20
D0VH4V,2C30
D0VH4V,5A10
D0VH4V,5A10
D06OQI,BA41-BA43
D0W7JZ,2C90
D0NN8N,6B40
D0I1ZY,CA23
D0I1ZY,EA80
D0I1ZY,DD71
D0J6DQ,2A00-2F9Z
D0J6DQ,2A00-2F9Z
D0DF1R,JB00
D08NCO,FA21
D08NCO,FA20
D07KFB,FA20
D0S4LV,2C73
D0D0QQ,ED80
D0L9HX,GC2Z
D0L9HX,4A40
D0L9HX,EA90
D0YO4C,1E30-1E32
D05AJT,2A00-2F9Z
D07MXF,CA40
D04NNJ,GA90
D02YVM,6A20
D07ZCK,8A61-8A6Z
D07JLM,BA20-BA21
D02ZUG,8A80
D0WH4L,6A20
D0WH4L,6A20
D0NU0U,2A00-2F9Z
D0NU0U,2A00-2F9Z
D03QLG,CA23
D04PBH,DB61-GB90
D0B7LK,BA00-BA04
D0AL8T,CA23
D06VCN,5A11
D0G0TS,DD72
D0T8HR,2A00-2F9Z
D0O0PY,6B00-6B0Z
D0YS1U,MF8Y
D0YS1U,BA00-BA04
D0YS1U,BA41-BA43
D0ZW3R,6A60
D00NYJ,2C14-2C17
D04QWQ,FA20
D0BW3P,CA23
D05XLO,5A2Y
D05XLO,5A11
D02JIN,5C80
D0UT7F,8B1Z
D0X6BX,2A00-2F9Z
D0X6BX,2A83
D0OX5H,FA21
D0OX5H,FA20
D07MKL,MG30-MG3Z
D06ETI,2A00-2F9Z
D0G4MB,2A00-2F9Z
D01WQQ,FA00-FA05
D0J7EH,BA40
D0J7EH,BA80
D0M1IN,8A20
D0M1IN,2C73
D06RLU,EA90
D07ADU,5C80
D0D8XG,MG30-MG3Z
D00HYK,1B5Y
D06KZL,2C30
D0QF2W,5C5A
D0N0BW,FA21
D0N0BW,FA20
D0P9BT,DD70
D0P9BT,DD71
D08KVW,5A10
D0V5JH,2A60
D0V5JH,2C94
D0V5JH,2C94
D0V5JH,2C94
D0O5KH,CA23
D04YLQ,8A80
D0KR8L,BA00-BE2Z
D0I9HG,2A00-2F9Z
D03VPJ,EA80
D03VPJ,EA90
D00JED,EA80
D09AOO,8A20
D09AOO,6D71
D0UL2H,QA21
D03ING,CA23
D03ING,DD71
D00GHZ,5B3Z
D0G7ZT,2C10
D0Q5CH,CA40
D0L9KH,5A10
D0L9KH,EB21
D0L9KH,DD71
D0N4JI,8B1Z
D0L1VI,1F40-1F45
D0M6BA,2A37
D0T1QV,6A70-6A7Z
D01VMZ,BA00-BE2Z
D01VMZ,5C80-5C81
D07PQJ,2A00-2F9Z
D05JAA,2A00-2F9Z
D05JAA,2A00-2F9Z
D04VWJ,2A83
D04VWJ,2A00-2F9Z
D0B1OH,EA80
D04KYB,ED80
D04KYB,ED70
D0SL8J,EA90
D02ROU,GA10
D0BT7R,GA0Z-GC8Z
D03MXK,2A60
D03MXK,2A80-2A86
D03MXK,2A00-2F9Z
D04XBU,2A00-2F9Z
D0T8MA,2A00-2F9Z
D0B6QZ,5A2Y
D01NDF,8A20
D01NDF,8A20
D01NDF,6B00-6B0Z
D01NDF,6D71
D0F4TV,FA20
D01OIR,MG30-MG3Z
D04HJE,8A40
D00HBE,1A00-1C4Z
D0L9CD,CA22
D02IWC,6A20
D02AAO,2A60
D0R0EF,6B00-6B0Z
D08WSG,CA22
D05GNW,CA22
D0WK1M,2A81
D0WK1M,2B30
D0WK1M,2A80-2A86
D0WK1M,2B32
D0M0YB,BD11
D02VTB,BD4Z
D01VRQ,MD12
D0E7XM,7A41
D07NOI,2B72
D07NOI,2A00-2F9Z
D0V9LY,EA90
D0V9LY,DD71
D0W0VD,2A00-2F9Z
D04OTY,EA90
D0E8PG,2A80
D0HJ5H,8A80
D03LWG,2A00-2F9Z
D02XMD,GA10
D0W7UN,8A20
D0W7UN,6A20
D0VZ5X,8A80
D04FNQ,5B10
D04FNQ,EA90
D0C3XD,CA22
D0E8NP,2A80-2A86
D0E8NP,2A00-2F9Z
D02GIA,DD72
D0Q0AP,BD40
D0Q0AP,EA90
D0U4FF,2A00-2F9Z
D0B1SG,2A00-2F9Z
D0UX2V,FA20
D08AOZ,FA20
D09WDO,2B01
D09WDO,2A90
D0L3KA,2A85
D0L3KA,2A60
D0L3KA,2A37
D0E6AH,8A20
D03IGB,9C61
D07NCV,BA00-BE2Z
D0Y6SQ,CA25
D02UKX,2C10
D0U2DH,DD70
D01XVX,2A83
D0MR4Q,4A44
D05VTN,5A10
D05VTN,FA20
D07TCS,FA20
D0BI3N,EA80
D0BI3N,2A86
D08LMS,2A00-2F9Z
D05PIX,1A00-1C4Z
D02OTK,FA20
D0F2JS,2A60
D0F2JS,2A37
D0YB3W,2A80-2A86
D07ZUZ,8B61
D0U6ML,2A00-2F9Z
D04RMM,DD70
D04RMM,FA20
D0D5ZV,EA90
D0P0BY,2D80
D0E8DK,MG30-MG3Z
D0CN9Q,2A80-2A86
D08DGC,CA25
D08DGC,FA20
D08DGC,4A42
D08DGC,4A42
D0ND9T,2C73
D0ND9T,2C90
D0ND9T,2A00-2F9Z
D0ND9T,2A00-2F9Z
D0K4MU,MG30-MG3Z
D0B7OY,EA90
D06ANS,BA80
D06ANS,BD4Z
D0S0KP,2A00-2F9Z
D09CEJ,CA23
D0TH5H,MG30
D0YO7Y,1E30-1E32
D05XTQ,1G40-1G41
D0J8RR,8C0Z
D04BOK,5A10
D0UF2N,BC9Z
D00XCX,2A00-2F9Z
D06KOM,2C95-2C9Z
D0PF3J,2A00-2F9Z
D06AXY,6A60-6E23
D07UJA,BD40
D00IZD,BD40
D01CNB,EA90
D0K9UK,CA23
D00EPT,2A00-2F9Z
D06FKC,8A20
D0O0JP,8C0Z
D0V6AH,2A00-2F9Z
D0KX9B,CA22
D05TPI,8C70
D00EQL,2A86
D00EQL,2A81
D00EQL,2A00-2F9Z
D00EQL,2A00-2F9Z
D00EQL,2B5A
D06XCF,2A00-2F9Z
D0J6LN,8A20-8A23
D00OVC,7A00-7A0Z
D0KK9E,2A00-2F9Z
D0F5VD,2A37
D0T4KG,GA10
D0T4KG,DD72
D0T4KG,FA20
D0U1NA,MG30-MG3Z
D0Z6MT,2A00-2F9Z
D05ENJ,FA00-FA05
D0I6YM,1F40-1F45
D05LGX,2A60
D0J3CT,GA91
D0ZM8B,BA40
D0O3TC,8A20
D0SQ6A,6B04
D00NVO,CA23
D0H9YO,FA20
D0TI3R,8A40
D0KM1B,GB04
D09XLS,6B00-6B0Z
D09XLS,6A70-6A7Z
D09XLS,BA00-BA04
D00ERV,BA00-BA04
D0C4GX,ED56
D0JW0V,GB61
D0KK9V,2C10
D0L7VC,2D10
D0L7VC,2D10
D04XVU,GA14-GC01
D0TA4A,JA00
D07OAD,2A60
D07OAD,2A00-2F9Z
D02MRN,4A01-4B41
D01XFZ,CA23
D0H0KH,2A86
D0H0KH,FA20
D0QY1M,1C80
D0R1SV,6A60
D04JNI,CA22
D0X8CH,EC90
D0X8CH,5A11
D00EJP,MD12
D0PC9R,FA20
D0C9XA,DD72
D05QJT,CA23
D02SVQ,BC65
D02AOD,8A20
D0C9AM,LD55
D00YER,2A00-2F9Z
D02TIK,8A40
D09ZKS,MG30-MG3Z
D05RRA,2A00-2F9Z
D07OCV,6D71
D0SA3J,5C80
D03QJL,8A40
D09XUY,1F29-1F2F
D09XUY,1F29-1F2F
D0N5LJ,CA22
D0N5LJ,CA25
D0S0BJ,2C30
D0S0BJ,2C30
D03EOZ,2A60
D03EOZ,2A37
D0W6HO,2C90
D0W6HO,2A00-2F9Z
D09AFI,2A00-2F9Z
D0N4VN,5A10-5A11
D00FCV,CA25
D01ZYY,HA00-HA01
D0YX5H,8B1Z
D0LI5N,5A11
D0E3HY,EA90
D05VCA,EA90
D04IXD,2A83
D0J5UK,2C10
D0PW4N,2D42
D0PW4N,2C73
D0PW4N,2C90
D0PW4N,2A00-2F9Z
D09ENR,2A60-2B33
D0K2RY,6B00-6B0Z
D0RK8U,1E50-1E51
D01YIO,CA22
D04VBF,FA20
D0C5JQ,2B30
D02GPG,6B00-6B0Z
D02GPG,6B04
D0VE3U,DD72
D0U8QB,5A11
D0U5UC,EA90
D0U5UC,FA21
D0U5UC,FA20
D0U5UC,4A42
D0MJ2H,MG30-MG3Z
D0K7DV,2C73
D0K7DV,2A00-2F9Z
D08FKH,GA10
D03SKC,5A11
D0W4AR,CA02-CB40
D09BAP,EL8Y
D08PYO,2A00-2F9Z
D0N1HW,6A20-6A25
D0C3UC,8A20
D0B6YB,2A00-2F9Z
D04BFU,5A2Y
D0X2UI,5A11
D0F5IY,CA22
D0D3AI,BA00-BA04
D0A8QM,6B00-6B0Z
D03BBU,2A80-2A86
D09ZWH,FA20
D0W9SL,2A60
D05TSJ,2A20
D07KIE,DD71
D0T7YE,2A00-2F9Z
D0V4UO,5A2Y
D0QX8X,8A40
D0QX8X,FA20
D05FPZ,2A00-2F9Z
D09AYM,ED80
D09AYM,EA80
D09AYM,BD4Z
D09AYM,EB21
D09AYM,5A11
D00XQO,FA20
D04EAT,2A00-2F9Z
D04EAT,2F7B
D02GWJ,MG22
D0F2ML,MG30-MG3Z
D0T5YB,BA80
D06VMJ,5A11
D05FQD,5A75
D0W3BA,8A20
D02AIM,2A00-2F9Z
D0G5GB,2A00-2F9Z
D0L7TA,6A20
D0L7TA,6A20
D01UHA,5A10
D0M7CB,EA90
D0E1LB,3A00-3A9Z
D00MXN,8A80
D0S0RS,5A11
D01KMY,QA21
D06KCU,2D50-2E2Z
D06KCU,8A40
D06KCU,1C80
D05RQY,5A10
D0Q2KM,2B72
D00ISN,DD70
D00ISN,8A40
D0X1RQ,BA20-BA21
D0E8YH,EA80
D05OQX,GC2Z
D05OQX,5A11
D0K4HW,6A21
D0K4HW,6A20
D0I6IQ,FA21
D0GJ7B,7A00-7B2Z
D00CVJ,8A20
D00CVJ,7A00-7A0Z
D0R1YL,6A20
D0LJ4E,2A00-2F9Z
D0LI1C,1F40-1F45
D07YNM,FA20
D09LKU,5A2Y
D02CAF,3A00-3A9Z
D07QXU,6A60-6E23
D05BYA,2A83
D05BYA,2A00-2F9Z
D05OTL,6A20
D05OTL,6A20
D0O2XJ,8A80
D0W9IT,8A80-8A84
D02OZK,2A00-2F9Z
D02OZK,2A00-2F9Z
D01FQR,2C10
D01FQR,6A21
D01FQR,6A20
D01FQR,5A11
D04GLJ,MG30-MG3Z
D0L8KJ,CA23
D0L5GH,8A80
D0N5CW,8A20
D0N5CW,6A20-6A25
D0QU0H,4A40
D0QU0H,3B65
D07XQS,2C76
D07XQS,2A80-2A86
D07XQS,2A83
D07XQS,2A00-2F9Z
D07XQS,2A60-2B33
D0I2RB,FA20
D03YAS,CA23
D08ZKJ,CA23
D0B3ZF,8A20
D0YX7E,NE84
D0YX7E,2A00-2F9Z
D0RJ1W,CA23
D0K2OV,MG30-MG3Z
D0S9BH,GA91
D01CEG,5A2Y
D0H2IO,6A02
D03PSP,1B92
D0NO1L,CA23
D0A4YK,2C10
D0A4YK,2A00-2F9Z
D01PHK,ED80
D0OW4A,BA00-BA04
D0VF6E,2B6B
D00UZR,6A20
D00UZR,2A00-2F9Z
D0S1UZ,FA20
D0D4CX,2B70
D05UFP,2B91
D04GTA,FA20
D00KQN,CA23
D07HZG,5A11
D06NXG,DD70
D0O7QA,MG30
D03KHO,5A11
D0G1YA,8A20
D02TUL,CA23
D02TUL,DD70
D02DTQ,CA23
D02DTQ,EA80
D0L5XG,CA23
D0A9IY,8A20
D0A9IY,3A51
D0M9FQ,CA22
D05KAC,5A10
D09DHT,2A60
D09DHT,2B30
D0K8LB,2A00-2F9Z
D0Z2FB,FA20
D09AYQ,2C94
D0S2UR,CA23
D01ZMS,2A00-2F9Z
D0L9XS,BD4Z
D0L9XS,BD4Z
D0G2XE,EA80
D0K0IS,2A00-2F9Z
D0GH7L,EB40
D04HQT,1E30-1E32
D00TLM,7A00-7B2Z
D0C5VQ,2A00-2F9Z
D0C9PZ,2A00
D0C9PZ,5A75
D05VVX,FA20
D05VVX,2A00-2F9Z
D04XVE,CA22
D0C1JV,BA00-BA04
D0B4XX,8C0Z
D04GKL,8B10-8B11
D0I5ZM,5A11
D0V4MB,5A10-5A11
D0V4MB,5A11
D0X0PW,CA23
D0A6DI,8A20
D0A6DI,6D71
D06NQH,2A00-2F9Z
D06NQH,2A00-2F9Z
D06FTM,2B91
D0OC4O,2A60
D0OC4O,2A00-2F9Z
D0U7KH,4A40-4A45
D0X2AT,9C61
D05GZD,BD40
D05GZD,BA00-BE2Z
D00RJB,1F29-1F2F
D06PHH,FA20
D0N9AD,CA23
D0N9AD,8A40
D0U7SR,5A11
D08UUK,BA00-BA04
D05XEA,8A20
D05XEA,6A60
D05XEA,6A20
D0O5GK,8A20
D0O5GK,8A20
D0O5GK,6D71
D00IQH,MG30-MG3Z
D0AF5P,EA80
D0AF5P,EA90
D0S1TI,2A00-2F9Z
D0O0LS,2A00-2F9Z
D0O0LS,2A00-2F9Z
D0H5WM,DD71
D02FEV,5C80
D0V4ZQ,8A20
D09JES,BA20-BA21
D0B5VA,FA20
D0O4SH,4A42
D02ETY,1F40-1F45
D02XYB,6B00-6B0Z
D0G5UW,DB61-GB90
D0U4EU,2A00-2F9Z
D00QKI,CA22
D00QKI,DD72
D00QKI,2A00-2F9Z
D00QKI,DD71
D07YLO,BD4Z
D01WKE,5A10
D00ICD,BD4Z
D02QWK,DD70
D02QWK,DD71
D04QYS,EC90
D09BBW,2A00-2F9Z
D0VK9O,EE00
D02CFV,4A42
D0F5HB,NE84
D02SNJ,3A00-3A9Z
D04KHY,DA43-DA4Y
D0K8DI,1A00-1C4Z
D0K8DI,1B10-1B14
D00MHP,CA23
D0D4JI,FA20
D0L5WA,6D71
D0J6ZA,EA80
D0C9NJ,DD70
D0C9NJ,FA20
D02JAY,KA87
D05RTV,BA41-BA43
D0Z0GX,8A20
D0Z0GX,6B60
D07RQR,8A20
D0E8HA,8A20
D0PC1V,6D71
D0L4SL,CA23
D02POH,EA80
D0G7MM,5C80
D0K5HI,6A21
D0K5HI,6A20
D0SC2J,2A83
D0OR5P,2D42
D0I0TW,2A85
D0I0TW,2A60
D0I0TW,2A00-2F9Z
D03LAB,BA20-BA21
D02JKY,BA21
D02JKY,MG30-MG3Z
D0U8AS,GA10
D0G5ME,8A80
D04WMR,CA23
D04FVD,6A60-6E23
D05ZDJ,CA23
D0Q7UG,CA23
D05BPC,BA41-BA43
D02PAW,2A00-2F9Z
D0B7QP,6A20
D0N9KZ,6D71
D09TFB,CA22
D0H5BC,QA21
D00YQI,2B56
D00YQI,2C74
D00YQI,2C73
D00YQI,2C90
D00YQI,2B57
D0A2KH,DD72
D02FYE,5A10
D0PU9C,8A20
D0VT1S,1C80
D0S3XE,GA91
D0J3JN,FA00-FA05
D0J3JN,EG00
D0K9BV,2A00-2F9Z
D0B6VN,FA20
D04JIM,FA20
D02BRJ,6A20-6A25
D08GBB,1A24-1D9Z
D0P6DJ,2A00-2F9Z
D0F6YM,8C70
D0F6YM,DD72
D0F6YM,8A40
D0F6YM,FA20
D07YGK,GA10
D0J0EM,2C76
D0UA9J,1F6A
D01XMC,EA80
D02XNW,2A00-2F9Z
D05QIS,2A00-2F9Z
D07NTC,1A00-1C4Z
D0A7JH,CA23
D0U2XU,MG30
D04PER,MG30-MG3Z
D00NSD,2A00-2F9Z
D00NXT,5A10
D00NXT,FA20
D0H2NI,5A11
D0VS2W,DD70
D07NPS,2A37
D07NPS,2C10
D00BPH,EA90
D0I4HG,2A86
D08KCJ,2C94
D0TP9M,5A10
D09SFX,2A00-2F9Z
D0P8MB,8C0Z
D0C1WR,2A00-2F9Z
D0OO1S,2A83
D08QZH,2B72
D08QZH,2C73
D08QZH,2C10
D08WII,2C10
D09KWN,2B70
D0C9MJ,2B72
D0U6BQ,2A00-2F9Z
D0HE9J,EA80-EA89
D08KCK,EA90
D08KCK,FA20
D0D9LJ,2A83
D06XAT,2A00-2F9Z
D06LYI,2A85
D06LYI,2A60
D06LYI,QB63
D06LYI,4A00-4A85
D06LYI,2A00-2F9Z
D0TY6U,2B72
D0TY6U,2C10
D01IED,2C10
D01IED,2A00-2F9Z
D0DA5M,4A42
D0M3RI,2A83
D0Y4MA,2A83
D0NN7P,2A00-2F9Z
D02NNN,2A00-2F9Z
D05CTQ,2A83
D0G0PI,2A83
D09UFZ,2A83
D0M8EF,2A85
D0UJ3C,2A60
D0E6AG,2A86
D0XT0W,2A00-2F9Z
D0D3VT,6A20-6A25
D00ANG,3A00-3A9Z
D05YUI,4A00-4A85
D08ZQI,5A10
D08ZQI,2F7B
D01HHJ,8B1Z
D0H4XV,2A81
D0H7DM,2A00-2F9Z
D06CJN,2A00-2F9Z
D0R7CD,2A60
D0Z1OR,2A00-2F9Z
D07BXC,ED72
D0I1QJ,5A10
D0DX1F,9B70
D0DX1F,9D90
D0C9LQ,3A51
D07EHV,2A83
D06HBT,BA80
D08EIK,GB61
D0Q5GK,2A60
D00DRL,8A20
D0IQ3E,2A60
D07MON,QA21
D0QP8X,2A00-2F9Z
D08EYQ,5A2Y
D0Q7JC,CA25
D0RS4X,2A00-2F9Z
D0V6EV,2C73
D0V6EV,2C10
D0V6EV,2A00-2F9Z
D03YOS,2C73
D0Q0ZY,2A60
D0N2NY,EA80
D0E7RQ,8B61
D02ECG,CA23
D0FF2G,2A00-2F9Z
D00QKL,8C0Z
D01ZLU,2A83
D01ZLU,2A00-2F9Z
D09NTG,5A11
D04FSD,9D90
D0F6TV,2A00-2F9Z
D05NFR,2A00-2F9Z
D04GSV,2A00-2F9Z
D00QUZ,5A2Y
D0YO5Z,AB52
D0YO5Z,9B70
D0YI4F,2A86
D0IV4C,2A00
D0IV4C,2A00-2F9Z
D01MYJ,2A60-2B33
D0O4QS,2A00-2F9Z
D0FN4K,5A10
D02TDV,DB61-GB90
D02XBN,EA80
D0C1ZO,6A60-6E23
D0C7WO,6A20-6A25
D0C7WO,6A20
D08PIK,8A20-8A23
D0D2WX,5A11
D0Q3QS,DD72
D08OPX,2A80-2A86
D0W8OJ,5A11
D00MBY,8A20
D0A7KI,6A20
D04DQO,FA20
D0QD4A,2A00-2F9Z
D0P4KU,2A80-2A86
D0P4KU,2A00-2F9Z
D0X9HF,8A20
D03NLQ,8A20
D0NN7L,5A2Y
D0KT8D,4A40-4A45
D0RO8H,9C61
D08CNP,2A60-2B33
D0F7GX,3A00-3A9Z
D08FKL,1B92
D02ZCE,MD90
D03JRO,8A61-8A6Z
D0K4RU,BA00-BA04
D0K9PC,2A60
D03UDW,2A00-2F9Z
D01HQU,2A00-2F9Z
D0SX9C,GA10
D07DIX,9C61
D0U5HG,BD54
D0U5BF,EC90
D07UKT,2A60
D07UKT,2A37
D07UKT,2A00-2F9Z
D0FA6S,2A00-2F9Z
D0FA6S,2A00-2F9Z
D03LRU,2C73
D0B5UH,EA90
D03MYX,2C90
D03MYX,2A00-2F9Z
D0I5DP,2A60
D0I5DP,2A83
D0P9UX,2A00-2F9Z
D09ZFJ,BA00-BE2Z
D0I8DX,2A00-2F9Z
D02MZD,5A11
D0V0NL,5A44
D0V0NL,FA20
D0FU8R,4A40
D05WET,2A83
D00KDQ,2B72
D00KDQ,2C10
D00KDQ,2D91
D08UVN,2A60
D0S1QN,2B72
D0S1QN,2C10
D0H2CF,2C10
D04SXL,2A80-2A86
D04SXL,2A00-2F9Z
D0QQ9L,2A00-2F9Z
D0NP8P,2B6B
D0NP8P,2A00-2F9Z
D0Q6SF,2A83
D03XTY,2B70
D03XTY,2A37
D03XTY,2C73
D03XTY,2A00-2F9Z
D0U8XW,2A00-2F9Z
D0C9JJ,2A80-2A86
D0Z1OS,5A11
D07LOF,8A40
D07LOF,EA90
D0A0ZW,8A40
D05NLD,2A00-2F9Z
D0M8AI,2A00-2F9Z
D0F7ZR,8A40
D0D2XQ,2A00-2F9Z
D0Q0JI,8A40
D02PTI,EA90
D05ZLY,2A00-2F9Z
D06YSP,2C30
D06NOF,6A20
D06NOF,6A20
D0U5AQ,4A01-4B41
D0U5AQ,2B32
D0U5AQ,BD9Z
D0U5AQ,2A80-2A86
D0U5AQ,2A00-2F9Z
D0MB2Z,2D11
D09TGT,2A00-2F9Z
D0H3GK,BB01
D09TGO,2C12
D09TGO,2C12
D0Q2BB,FA20
D0L8IO,8A20
D0L8IO,6D71
D03HIG,DD72
D03HIG,DD71
D00JDJ,8A40
D00IFR,2A00-2F9Z
D02AWQ,CA23
D0E4GE,CA22
D0P5CM,8C0Z
D0EY0A,5A2Y
D03BHZ,2A00-2F9Z
D0SZ1G,FA20
D01QXY,5C80-5C81
D01QXY,6A20
D01QXY,2A00-2F9Z
D0KJ2J,2A00-2F9Z
D0E8PR,2A00-2F9Z
D0NF1D,GA10
D00JQE,BD40
D0FY4J,EA90
D0T3DG,8A20
D09WZU,8A20
D0C6YQ,2A80
D0I6AU,MG30-MG3Z
D05ISO,2D8Y
D0L6VH,FA20
D05SGI,2A86
D00SFY,5A11
D08DCP,2A00-2F9Z
D00KNI,2A00-2F9Z
D0H3VK,2A00-2F9Z
D00FSB,MG30-MG3Z
D0S0WN,DD72
D0S0WN,2C90
D08DTD,8C70
D0FM7Z,MG30-MG3Z
D08NDE,2B5Z
D08NDE,2A00-2F9Z
D0D4VH,CA23
D06ERY,BC9Z
D0GG7L,FA20
D0IZ8X,8A20
D0T0KT,2A00-2F9Z
D09WSW,4A40-4A45
D04KVA,BA41-BA43
D04KVA,8B20
D0GJ1U,DD70
D0YO4B,2C10
D0YO4B,2A00-2F9Z
D0A1GR,2A00-2F9Z
D0S6KA,1B10-1B21
D09ZDY,4A01-4B41
D09ZDY,2A83
D0JI4M,2A00-2F9Z
D0NU9N,2A00-2F9Z
D0MG3Z,2A00-2F9Z
D04SKM,2A85
D06OES,2A60
D06OES,2A37
D0DJ8S,2A60
D0DJ8S,2A37
D08OOJ,2A83
D08OOJ,2A00-2F9Z
D03QZJ,2A81
D03QZJ,2A80-2A86
D03QZJ,2A83
D03QZJ,2A00-2F9Z
D0XO1O,MG30-MG3Z
D04GNG,2A00-2F9Z
D0R3XI,1F40-1F45
D0N6NM,2A00-2F9Z
D0Q7AG,2A00-2F9Z
D03XAQ,2A00-2F9Z
D0M4BB,2A86
D06TKI,2A00-2F9Z
D0U3UJ,2B30
D0X9GE,8B1Z
D08JAN,2A00-2F9Z
D01WKZ,2A83
D0T5TN,ED80
D0T5TN,2A83
D0T5TN,2A00-2F9Z
D07MCN,2C30
D0G8CU,2C76
D0G8CU,2C74
D0G8CU,2D42
D0G8CU,2C73
D0X1XK,8A20
D0WI9W,8A20
D0X8XT,8A40
D01UAU,CA23
D0Z4RC,2A00-2F9Z
D02EOS,2A00-2F9Z
D0DC8J,2A00-2F9Z
D0Z5VG,2A80-2A86
D0Z5VG,2A00-2F9Z
D05LPW,5A11
D0HX1T,DB61-GB90
D07BXE,2A80-2A86
D0M5XJ,2A00-2F9Z
D02HUY,MG30
D02TTL,2A00-2F9Z
D0QJ6L,2D10
D0U0BP,2A00-2F9Z
D0XJ6C,DB61-GB90
D09CZS,2A00-2F9Z
D0Z3BU,1E50-1E51
D08JSQ,2A00-2F9Z
D0LG8T,2A85
D0LG8T,2A60
D0N0DU,2A00-2F9Z
D0AI8V,6A70-6A7Z
D0C4FS,8C70
D0F3NB,2A86
D00CGX,4A40-4A45
D0G0ER,MG30
D0G0ER,MG30-MG3Z
D0S0FD,8A20
D01SHJ,2B92
D09LSY,1A00-1C4Z
D08OUL,5A11
D0E1VV,2A00-2F9Z
D01DFS,FA00-FA05
D01DFS,MG30-MG3Z
D0Z6WI,6B82
D0O1LU,6B82
D05QWS,BA40-BA6Z
D0IK5R,2A00-2F9Z
D01GQD,2A00-2F9Z
D0U1KE,2A80-2A86
D0U1KE,2A00-2F9Z
D0XD7V,2A00-2F9Z
D0F470,CA23
D06NND,2C94
D06NND,2B72
D04WHM,2A60
D0GD9E,2A00-2F9Z
D0KV1I,3A00-3A9Z
D07CLV,2A00-2F9Z
D01FZZ,MG30
D0A9PN,4A40-4A45
D0A9PN,2A00-2F9Z
D0Q4IX,2A00-2F9Z
D0VS9E,2A00-2F9Z
D0A1LS,2A00-2F9Z
D07RKN,2A00-2F9Z
D0P2KG,6A20
D0B4CD,4A01-4B41
D00XBC,CA23
D0B9MR,2A00-2F9Z
D0D3TQ,4A42
D0G3MN,2A00-2F9Z
D05FIJ,2A00-2F9Z
D0T3VF,FA21
D0HI1K,2B6B
D01KDM,8C6Y
D0C1AY,BA20-BA21
D0BW2N,2A00-2F9Z
D01KTG,2B59
D01KTG,2A00-2F9Z
D0TN5W,2A00-2F9Z
D0TN5W,2D50-2E09
D0YF6K,2B72
D02AMG,2A00-2F9Z
D0W7AE,5A2Y
D01VIL,BA00-BA04
D0A8HN,2C73
D0F3PU,2C73
D0J2VB,2A80
D08NZG,2A60
D08NZG,2A37
D09JSM,2A00-2F9Z
D0CN7I,2A00-2F9Z
D0FM5M,2C30
D0FM5M,2A00-2F9Z
D08OXU,5A10
D0XI3E,2A00-2F9Z
D0S6MV,2A00-2F9Z
D08KYN,2A00-2F9Z
D0P2ZY,2A60
D08JXW,9C61
D05GUK,2A00-2F9Z
D0GO4T,2B01
D0CR4Z,MG30-MG3Z
D00RNB,MG30-MG3Z
D05CHN,2A00-2F9Z
D06CIJ,BA00-BE2Z
D03GNI,1F40-1F45
D0K6QU,2A00-2F9Z
D0I0FA,2C73
D0U3XL,2A00-2F9Z
D0B3GF,2A00-2F9Z
D0K9YJ,EA90
D0O6SA,2A00-2F9Z
D0WA1R,2A00-2F9Z
D0XI1P,8A80
D0XI1P,FA00-FA05
D0XI1P,MG30-MG3Z
D09KEW,EA80
D0Y4MJ,5A11
D08ZRR,MG30-MG3Z
D0Q5VW,2A80-2A86
D09PFR,EC3Z
D0U0RJ,2D42
D0S9OH,2A00-2F9Z
D04UTH,3A00-3A9Z
D0M4PH,2A00-2F9Z
D0M4PH,2A00-2F9Z
D03UDF,2A00-2F9Z
D0TA8O,2A00-2F9Z
D0EO2C,5A11
D08WOW,2A80-2A86
D08WOW,2A00-2F9Z
D0MK9W,8A20
D0MK9W,6D71
D0DA7Z,1D82
D04SIU,8A20
D0DO5J,2A00-2F9Z
D0W4HA,5A10
D0W4HA,2A00-2F9Z
D05UCW,CA22
D08UDG,2A00-2F9Z
D06HNO,FA20
D0DT8Y,FA20
D0PY3L,2C11
D03CWX,6A60-6E23
D00PEN,2B91
D0QO6N,4A40-4A45
D0U8LD,2A00-2F9Z
D0V2YJ,2A00-2F9Z
D08MWC,2A00-2F9Z
D0Y1GJ,2A85
D0Z0FA,2A00-2F9Z
D0RI6Q,2D42
D0RI6Q,2A00-2F9Z
D00DIM,BA00-BE2Z
D03VWB,BA00-BA04
D05EHS,8C70
D04TIJ,2A00-2F9Z
D07QWW,6B82
D02VKC,6B60
D0L3JI,6A20
D0DJ0S,5A11
D02MVA,5A10
D00CLM,3B64
D07VHU,2A00-2F9Z
D02QQE,2C94
D02QQE,2C30
D02QQE,2C30
D02QQE,2C90
D02QQE,2A60-2C35
D02QQE,2A00-2F9Z
D02QQE,2A00-2F9Z
D06MHZ,2A00-2F9Z
D05RWL,6B00-6B0Z
D0J8AE,2A00-2F9Z
D02MRX,2A86
D03UHV,2A00-2F9Z
D0G7YS,2D42
D0UN8L,2A00-2F9Z
D01FFC,2A00-2F9Z
D0F4RX,6B60
D0HE7C,2A00-2F9Z
D0FP9N,5A11
D0M4HL,5A2Y
D0G9JQ,BC43
D0G9JQ,8C70
D0G9JQ,BA00-BA04
D0L2YF,EA90
D0S3BF,FA25
D0S0NX,8A40
D0SD3E,MG30-MG3Z
D0Y0FZ,FA20
D0BT0Z,MG30-MG3Z
D08RDD,4A40
D08RDD,FA20
D0K2HA,GA10
D01SJT,2A00-2F9Z
D0W0VR,2A00-2F9Z
D07PSL,2C10
D07PSL,2A00-2F9Z
D04DUH,FA00-FA05
D05VAE,8A20
D0TU7B,MG30-MG3Z
D0H9FR,2A00-2F9Z
D09NVR,8A40
D0J1OG,2C74
D0J1OG,2C73
D0JA7V,NE6Z
D0Z0AM,BD40
D0Z0AM,DB61-GB90
D06KXS,2A00-2F9Z
D0NU8J,2A00-2F9Z
D0NU8J,5A75
D0FU1J,DD71
D0H2DS,ED70
D0YN4Y,MG30-MG3Z
D02PGP,2A00-2F9Z
D09ZRB,CA22
D01GXL,1A00-1C4Z
D0X8RS,FA20
D0S7UQ,CA22
D06EFW,2A00-2F9Z
D0YH8F,2A00-2F9Z
D0O2FN,2A00-2F9Z
D08TNG,2A60
D0M3GK,2A00-2F9Z
D09TOL,6A02
D0PB0U,MG30-MG3Z
D0M6BD,2A00-2F9Z
D0Q1YJ,2A00-2F9Z
D0PL6T,2A00-2F9Z
D0O8JW,CA22
D0ME2T,8C0Z
D0M1DG,8A40
D08KIB,MG30-MG3Z
D0R8RO,CA23
D0XE5M,BA00-BE2Z
D03YSQ,2A00-2F9Z
D03YSQ,2A00-2F9Z
D00RYA,2A00-2F9Z
D08YWY,FA20
D08SHE,6A70-6A7Z
D02EOH,2C10
D02EOH,2A00-2F9Z
D0N6ZP,BA00
D0Y4OI,MG30-MG3Z
D00CLC,BA00-BE2Z
D0Q0IM,EA80
D0Q0IM,EC90
D0Q0IM,EA90
D04CTD,2A00-2F9Z
D06UWF,8A20
D06UWF,2C73
D06UWF,2A00-2F9Z
D07UGA,ED80
D0Z3LC,N.A.
D0O3EP,5A11
D0X3TI,5A11
D0Q7QY,6A20
D0X6DC,2C73
D05PWX,2A00-2F9Z
D0KQ8W,2A83
D0C8KY,MG30-MG3Z
D03MWZ,5B11
D07DAU,2A00-2F9Z
D0VS3U,FA20
D09BBA,8A20
D01RCM,DD71
D0T4PA,2A00-2F9Z
D02UFQ,2A00-2F9Z
D0I3RD,2A00-2F9Z
D0D7CH,DD70
D0WM3D,2C94
D0R9KG,BA00-BE2Z
D07EPV,5A11
D05VNP,QA21
D0MR0B,2A37
D0MR0B,2A00-2F9Z
D03TDW,6D71
D0B9NG,2A00-2F9Z
D0FY1W,2A00-2F9Z
D08IID,2A00-2F9Z
D0U0EC,2A00-2F9Z
D08DWK,6B00-6B0Z
D08DWK,6A70-6A7Z
D01XQQ,5A10
D0I0YS,8A20
D01TDY,5A10
D08KNG,BD52
D0Y1VT,8C0Z
D01JPL,2A00-2F9Z
D07BIK,FA20
D0A6VD,2A00-2F9Z
D0VB4X,4A40-4A45
D0VB4X,EA90
D0N1SH,8A40
D0GS2W,2A00-2F9Z
D0MA0F,1A00-1C4Z
D04GGJ,8C0Z
D06SZU,8C70
D0L2ZY,2A00-2F9Z
D05UGJ,2A00-2F9Z
D0Z7FK,2A00-2F9Z
D0N4NJ,6A21
D0N4NJ,6A20
D0D2LF,2A00-2F9Z
D0BA5E,5A11
D0M8KY,2C94
D05TKW,8A20
D0I2FI,8B42
D0O7HP,MF8Y
D0R7EA,8A20
D00HTY,2A00-2F9Z
D00EPS,BA6Z
D0G0YZ,BC45
D0EY9S,2A00-2F9Z
D0HE8M,2A00-2F9Z
D0X5IV,2A00-2F9Z
D0W0PC,2A00-2F9Z
D0PJ7M,2D50-2E2Z
D0PJ7M,2A00-2F9Z
D0YK8M,2A00-2F9Z
D0H6AL,2A00-2F9Z
D0H0MO,2A00-2F9Z
D0Z0KL,2A00-2F9Z
D0I0JE,2A00-2F9Z
D0N6NA,2A00-2F9Z
D0O8FI,2A00-2F9Z
D0XV7Y,2A00-2F9Z
D0AU4G,MG30
D0AU4G,EC90
D0AU4G,2A00-2F9Z
D0AU4G,2C27
D0T1GG,BE2Z
D0T1GG,FB86
D0T1GG,5C50-5D2Z
D0Z4QT,2A00-2F9Z
D0MG6V,2A00-2F9Z
D0CE1R,2A00-2F9Z
D0WL5P,8B10
D0WL5P,2A00-2F9Z
D0RK4V,2A00-2F9Z
D0A5OT,2A00-2F9Z
D0Y1NH,MG30
D0Y1NH,EC90
D0Y1NH,2C27
D06WAN,2D50-2E2Z
D06WAN,2A00-2F9Z
D0T3TZ,2A00-2F9Z
D0U3IS,2D50-2E2Z
D0U3IS,2A00-2F9Z
D0IR8B,2D50-2E2Z
D0IR8B,2A00-2F9Z
D0B2VS,2A00-2F9Z
D0I6RC,2A00-2F9Z
D0D3RS,2A00-2F9Z
D0N5NV,2A00-2F9Z
D0HF1A,MG30
D0HF1A,EC90
D0HF1A,2A00-2F9Z
D0HF1A,2C27
D0F8BF,MG30
D0F8BF,EC90
D0F8BF,2A00-2F9Z
D0F8BF,2C27
D0O0GZ,MG30
D0O0GZ,EC90
D0O0GZ,2A00-2F9Z
D0O0GZ,2C27
D0I9FU,MG30
D0I9FU,EC90
D0I9FU,2A00-2F9Z
D0I9FU,2C27
D0KC8X,MG30
D0KC8X,EC90
D0KC8X,2A00-2F9Z
D0KC8X,2C27
D07CPL,MG30
D07CPL,EC90
D07CPL,2A00-2F9Z
D07CPL,2C27
D0N6NG,MG30
D0N6NG,EC90
D0N6NG,2A00-2F9Z
D0N6NG,2C27
D0DY5R,MG30
D0DY5R,EC90
D0DY5R,2A00-2F9Z
D0DY5R,2C27
D07AJO,MG30
D07AJO,EC90
D07AJO,2A00-2F9Z
D07AJO,2C27
D0DM2G,2D50-2E2Z
D0DM2G,2A00-2F9Z
D01AYP,2A00-2F9Z
D0R7CP,2A00-2F9Z
D00PHK,BE2Z
D00PHK,2A00-2F9Z
D04PKQ,2B72
D01PJZ,2A00-2F9Z
D04TLQ,2A00-2F9Z
D0EW3O,2A00-2F9Z
D0I5KI,2D50-2E2Z
D0I5KI,2A00-2F9Z
D0T4CF,MG30
D0T4CF,EC90
D0T4CF,2A00-2F9Z
D0T4CF,2C27
D04BRW,MG30
D04BRW,EC90
D04BRW,2A00-2F9Z
D04BRW,2C27
D0CY3U,MG30
D0CY3U,EC90
D0CY3U,2A00-2F9Z
D0CY3U,2C27
D0H7SO,2D50-2E2Z
D0H7SO,2A00-2F9Z
D0TB2H,2D50-2E2Z
D0TB2H,2A00-2F9Z
D08SNT,2D50-2E2Z
D08SNT,2A00-2F9Z
D00ZXR,2D50-2E2Z
D00ZXR,2A00-2F9Z
D00LMA,2D50-2E2Z
D00LMA,2A00-2F9Z
D0MG4D,2D50-2E2Z
D0MG4D,2A00-2F9Z
D0GH9W,2D50-2E2Z
D0GH9W,2A00-2F9Z
D0MW7L,2D50-2E2Z
D0MW7L,2A00-2F9Z
D0WT9J,2D50-2E2Z
D0WT9J,2A00-2F9Z
D03WFI,2D50-2E2Z
D03WFI,2A00-2F9Z
D07IQE,2D50-2E2Z
D07IQE,2A00-2F9Z
D09BNP,2D50-2E2Z
D09BNP,2A00-2F9Z
D04BBT,2D50-2E2Z
D04BBT,2A00-2F9Z
D0HI8X,2D50-2E2Z
D0HI8X,2A00-2F9Z
D0EH9Z,2D50-2E2Z
D0EH9Z,2A00-2F9Z
D02USE,2D50-2E2Z
D02USE,2A00-2F9Z
D0RH6G,2D50-2E2Z
D0RH6G,2A00-2F9Z
D04MHV,2D50-2E2Z
D04MHV,2A00-2F9Z
D0FW3M,2D50-2E2Z
D0FW3M,2A00-2F9Z
D0WX4H,2D50-2E2Z
D0WX4H,2A00-2F9Z
D05OTD,2D50-2E2Z
D05OTD,2A00-2F9Z
D0J9DI,2D50-2E2Z
D0J9DI,2A00-2F9Z
D0D0ML,2D50-2E2Z
D0D0ML,2A00-2F9Z
D0W3JC,2D50-2E2Z
D0W3JC,2A00-2F9Z
D0AM2D,2D50-2E2Z
D0AM2D,2A00-2F9Z
D07HOA,2D50-2E2Z
D07HOA,2A00-2F9Z
D0RY6M,2D50-2E2Z
D0RY6M,2A00-2F9Z
D0CQ1M,2D50-2E2Z
D0CQ1M,2A00-2F9Z
D0WI7N,MG30
D0WI7N,EC90
D0WI7N,2A00-2F9Z
D0WI7N,2C27
D0D5YE,2D50-2E2Z
D0D5YE,2A00-2F9Z
D0T8XD,2A00-2F9Z
D0M8UO,2A00-2F9Z
D0N1CF,2A00-2F9Z
D0F8KE,ME82
D0CK8H,2D50-2E2Z
D0CK8H,2A00-2F9Z
D0ZE5U,2D50-2E2Z
D0ZE5U,2A00-2F9Z
D06VTI,2A00-2F9Z
D08EHL,2A00-2F9Z
D0J4UO,2A00-2F9Z
D0R7JW,2A00-2F9Z
D0NI2B,2A00-2F9Z
D03BCV,2A00-2F9Z
D0QF4W,2A00-2F9Z
D0N4TZ,2A00-2F9Z
D07ZQS,2A00-2F9Z
D0S0OF,2A00-2F9Z
D0CH8E,2A00-2F9Z
D0MK2F,2A00-2F9Z
D0XM9M,BE2Z
D0XM9M,2A00-2F9Z
D0C3RK,MG30
D0C3RK,EC90
D0C3RK,2A00-2F9Z
D0C3RK,2C27
D00XXZ,MG30
D00XXZ,EC90
D00XXZ,2A00-2F9Z
D00XXZ,2C27
D04RXX,MG30
D04RXX,EC90
D04RXX,2A00-2F9Z
D04RXX,2C27
D0X1LP,MG30
D0X1LP,EC90
D0X1LP,2A00-2F9Z
D0X1LP,2C27
D00FJH,MG30
D00FJH,EC90
D00FJH,2A00-2F9Z
D00FJH,2C27
D03BAY,MG30
D03BAY,EC90
D03BAY,2A00-2F9Z
D03BAY,2C27
D04GCC,MG30
D04GCC,EC90
D04GCC,2A00-2F9Z
D04GCC,2C27
D02OLJ,MG30
D02OLJ,EC90
D02OLJ,2A00-2F9Z
D02OLJ,2C27
D0X4LA,MG30
D0X4LA,EC90
D0X4LA,2A00-2F9Z
D0X4LA,2C27
D08BIH,MG30
D08BIH,EC90
D08BIH,2A00-2F9Z
D08BIH,2C27
D0F4IF,2A00-2F9Z
D0EI4B,2A00-2F9Z
D03VXQ,1A24-1D9Z
D0ZE2J,1A24-1D9Z
D0QM0D,MG30-MG3Z
D0VB9M,2A00-2F9Z
D02SES,2A00-2F9Z
D0HF7V,2A00-2F9Z
D0Z9UJ,2A00-2F9Z
D0FK6N,2A00-2F9Z
D0I7UZ,2A00-2F9Z
D00CRQ,2A00-2F9Z
D02XVC,2A00-2F9Z
D0YD1Q,2D50-2E2Z
D0YD1Q,2A00-2F9Z
D09FQP,2D50-2E2Z
D09FQP,2A00-2F9Z
D06LSZ,2D50-2E2Z
D06LSZ,2A00-2F9Z
D04EDM,2D50-2E2Z
D04EDM,2A00-2F9Z
D0RE3R,2D50-2E2Z
D0RE3R,2A00-2F9Z
D07ZKE,2D50-2E2Z
D07ZKE,2A00-2F9Z
D0SB4A,2D50-2E2Z
D0SB4A,2A00-2F9Z
D07XBA,2D50-2E2Z
D07XBA,2A00-2F9Z
D0Y0RG,2D50-2E2Z
D0Y0RG,2A00-2F9Z
D07FMW,2D50-2E2Z
D07FMW,2A00-2F9Z
D06RGW,2D50-2E2Z
D06RGW,2A00-2F9Z
D0RP4U,2D50-2E2Z
D0RP4U,2A00-2F9Z
D08EGT,2D50-2E2Z
D08EGT,2A00-2F9Z
D04UHW,2D50-2E2Z
D04UHW,2A00-2F9Z
D0MI3E,2D50-2E2Z
D0MI3E,2A00-2F9Z
D06LLS,2D50-2E2Z
D06LLS,2A00-2F9Z
D0C6VX,2D50-2E2Z
D0C6VX,2A00-2F9Z
D0P0WF,2D50-2E2Z
D0P0WF,2A00-2F9Z
D0B8OB,2D50-2E2Z
D0B8OB,2A00-2F9Z
D00SVK,2D50-2E2Z
D00SVK,2A00-2F9Z
D0IO2X,2D50-2E2Z
D0IO2X,2A00-2F9Z
D0DC2P,2D50-2E2Z
D0DC2P,2A00-2F9Z
D0R0SJ,2D50-2E2Z
D0R0SJ,2A00-2F9Z
D06XCD,2B5Z
D06XCD,MG30
D0MR9V,MG30-MG3Z
D05OIU,CA22
D05OIU,DB93
D05OIU,DE2Z
D05OIU,8A40
D05OIU,EA90
D04VGR,FA20
D0J4CA,MG30
D0J4CA,EC90
D0J4CA,2A00-2F9Z
D0J4CA,2C27
D0T0HM,MG30
D0T0HM,EC90
D0T0HM,2A00-2F9Z
D0T0HM,2C27
D0PY0G,MG30
D0PY0G,EC90
D0PY0G,2A00-2F9Z
D0PY0G,2C27
D0FL8A,MG30
D0FL8A,EC90
D0FL8A,2A00-2F9Z
D0FL8A,2C27
D0K6IM,MG30
D0K6IM,EC90
D0K6IM,2A00-2F9Z
D0K6IM,2C27
D0F2BF,MG30
D0F2BF,EC90
D0F2BF,2A00-2F9Z
D0F2BF,2C27
D07KVL,MG30
D07KVL,EC90
D07KVL,2A00-2F9Z
D07KVL,2C27
D02ZQN,MG30
D02ZQN,EC90
D02ZQN,2A00-2F9Z
D02ZQN,2C27
D0Y0XJ,MG30
D0Y0XJ,EC90
D0Y0XJ,2A00-2F9Z
D0Y0XJ,2C27
D0I2OO,MG30
D0I2OO,EC90
D0I2OO,2A00-2F9Z
D0I2OO,2C27
D05AQT,MG30
D05AQT,EC90
D05AQT,2A00-2F9Z
D05AQT,2C27
D0YN0I,MG30
D0YN0I,EC90
D0YN0I,2A00-2F9Z
D0YN0I,2C27
D0QT8L,MG30
D0QT8L,EC90
D0QT8L,2A00-2F9Z
D0QT8L,2C27
D02ETU,MG30
D02ETU,EC90
D02ETU,2C27
D0U5XI,MG30
D0U5XI,EC90
D0U5XI,2A00-2F9Z
D0U5XI,2C27
D0VD5J,MG30
D0VD5J,EC90
D0VD5J,2A00-2F9Z
D0VD5J,2C27
D0M8VS,MG30
D0M8VS,EC90
D0M8VS,2A00-2F9Z
D0M8VS,2C27
D00MGO,MG30
D00MGO,EC90
D00MGO,2A00-2F9Z
D00MGO,2C27
D0LK8E,MG30
D0LK8E,EC90
D0LK8E,2A00-2F9Z
D0LK8E,2C27
D08CZY,MG30
D08CZY,EC90
D08CZY,2A00-2F9Z
D08CZY,2C27
D0BO1H,MG30
D0BO1H,EC90
D0BO1H,2A00-2F9Z
D0BO1H,2C27
D00EUL,MG30
D00EUL,EC90
D00EUL,2A00-2F9Z
D00EUL,2C27
D04NCC,8A20
D09UJB,8A20
D0I9VU,8A20
D08VTV,1F00
D0T9DV,2A00-2F9Z
D05LBH,GA14-GC01
D07AVU,9B71
D0M6WW,2A00-2F9Z
D04PCT,2A00-2F9Z
D0R7YI,2A00-2F9Z
D04CCX,2A00-2F9Z
D01MSP,2A00-2F9Z
D03TWD,2A00-2F9Z
D0HC9K,2A00-2F9Z
D0FJ1N,2A00-2F9Z
D08JWY,2A00-2F9Z
D0W1RQ,2A00-2F9Z
D03HAA,2A00-2F9Z
D06BSV,2A00-2F9Z
D08RET,2A00-2F9Z
D0FK4P,2A00-2F9Z
D02UJS,2A00-2F9Z
D01OQQ,2A00-2F9Z
D0W0MT,2A00-2F9Z
D05COE,2A00-2F9Z
D0J4LV,2A00-2F9Z
D0H0CH,2A00-2F9Z
D0DP8E,2A00-2F9Z
D0TJ4D,2A00-2F9Z
D04HBL,2A00-2F9Z
D0FM9V,2A00-2F9Z
D0KA7I,2A00-2F9Z
D04ESH,2A00-2F9Z
D0EO8F,GA90
D00MLJ,2D50-2E2Z
D00MLJ,2A00-2F9Z
D0DN3Q,MG30
D0DN3Q,EC90
D0DN3Q,2A00-2F9Z
D0DN3Q,2C27
D0V9ZJ,MG30
D0V9ZJ,EC90
D0V9ZJ,2A00-2F9Z
D0V9ZJ,2C27
D0RK6W,MG30
D0RK6W,EC90
D0RK6W,2A00-2F9Z
D0RK6W,2C27
D0O8SX,MG30
D0O8SX,EC90
D0O8SX,2C27
D0I1YQ,2D50-2E2Z
D0I1YQ,2A00-2F9Z
D0M9KZ,2A00-2F9Z
D05GMT,2D50-2E2Z
D05GMT,2A00-2F9Z
D0RR8O,MG30
D0RR8O,EC90
D0RR8O,2A00-2F9Z
D0RR8O,2C27
D0U3RD,MG30
D0U3RD,EC90
D0U3RD,2A00-2F9Z
D0U3RD,2C27
D0ZV9P,2D50-2E2Z
D0ZV9P,2A00-2F9Z
D02MMG,2D50-2E2Z
D02MMG,2A00-2F9Z
D05GVV,BE2Z
D05GVV,GA14-GC01
D05GVV,8A20-8A23
D0V7OF,BE2Z
D0V7OF,GA14-GC01
D0V7OF,8A20-8A23
D09KYB,BE2Z
D09KYB,GA14-GC01
D09KYB,8A20-8A23
D0P1VT,2D50-2E2Z
D0P1VT,2A00-2F9Z
D0P8SR,MG30
D0P8SR,EC90
D0P8SR,2A00-2F9Z
D0P8SR,2C27
D06GOT,MG30
D06GOT,EC90
D06GOT,2A00-2F9Z
D06GOT,2C27
D02IBX,MG30
D02IBX,EC90
D02IBX,2A00-2F9Z
D02IBX,2C27
D06ZNU,4A40-4A45
D06ZNU,2A00-2F9Z
D0V8JZ,4A40-4A45
D0V8JZ,2A00-2F9Z
D0S0II,MG30
D0S0II,EC90
D0S0II,2A00-2F9Z
D0S0II,2C27
D0AG2A,MG30
D0AG2A,EC90
D0AG2A,2A00-2F9Z
D0AG2A,2C27
D0DQ5G,MG30
D0DQ5G,EC90
D0DQ5G,2A00-2F9Z
D0DQ5G,2C27
D0ZE6H,MG30
D0ZE6H,EC90
D0ZE6H,2A00-2F9Z
D0ZE6H,2C27
D0H3ZG,MG30
D0H3ZG,EC90
D0H3ZG,2A00-2F9Z
D0H3ZG,2C27
D07VFQ,MG30
D07VFQ,EC90
D07VFQ,2A00-2F9Z
D07VFQ,2C27
D0EC4Z,MG30
D0EC4Z,EC90
D0EC4Z,2A00-2F9Z
D0EC4Z,2C27
D0UN4M,MG30
D0UN4M,EC90
D0UN4M,2A00-2F9Z
D0UN4M,2C27
D04JCD,MG30
D04JCD,EC90
D04JCD,2A00-2F9Z
D04JCD,2C27
D05MRY,MG30
D05MRY,EC90
D05MRY,2A00-2F9Z
D05MRY,2C27
D06STX,8A20
D0Q6RC,2D50-2E2Z
D0Q6RC,2A00-2F9Z
D0K8XT,2D50-2E2Z
D0K8XT,2A00-2F9Z
D07MSB,2D50-2E2Z
D07MSB,2A00-2F9Z
D06PTW,2D50-2E2Z
D06PTW,2A00-2F9Z
D0ZG0K,2D50-2E2Z
D0ZG0K,2A00-2F9Z
D06WXJ,2D50-2E2Z
D06WXJ,2A00-2F9Z
D0Q8JK,2D50-2E2Z
D0Q8JK,2A00-2F9Z
D0D8PF,2D50-2E2Z
D0D8PF,2A00-2F9Z
D0GE6F,2D50-2E2Z
D0GE6F,2A00-2F9Z
D0FJ4A,2D50-2E2Z
D0FJ4A,2A00-2F9Z
D0GY8G,2D50-2E2Z
D0GY8G,2A00-2F9Z
D0HP8K,2D50-2E2Z
D0HP8K,2A00-2F9Z
D0B2GM,2D50-2E2Z
D0B2GM,2A00-2F9Z
D0P6PT,2D50-2E2Z
D0P6PT,2A00-2F9Z
D0KN7T,2D50-2E2Z
D0KN7T,2A00-2F9Z
D0DO6K,2D50-2E2Z
D0DO6K,2A00-2F9Z
D04BBA,2D50-2E2Z
D04BBA,2A00-2F9Z
D0JR0F,2D50-2E2Z
D0JR0F,2A00-2F9Z
D0U7LW,2D50-2E2Z
D0U7LW,2A00-2F9Z
D04QRX,2D50-2E2Z
D04QRX,2A00-2F9Z
D0QV1E,2D50-2E2Z
D0QV1E,2A00-2F9Z
D07ZMG,2D50-2E2Z
D07ZMG,2A00-2F9Z
D0R3VG,2D50-2E2Z
D0R3VG,2A00-2F9Z
D0Z3HW,2D50-2E2Z
D0Z3HW,2A00-2F9Z
D0H6AF,2D50-2E2Z
D0H6AF,2A00-2F9Z
D0U5HB,2D50-2E2Z
D0U5HB,2A00-2F9Z
D0Z5HL,2D50-2E2Z
D0Z5HL,2A00-2F9Z
D08YPQ,2D50-2E2Z
D08YPQ,2A00-2F9Z
D0PD2I,2D50-2E2Z
D0PD2I,2A00-2F9Z
D06LCB,2D50-2E2Z
D06LCB,2A00-2F9Z
D06BSG,2D50-2E2Z
D06BSG,2A00-2F9Z
D03GFZ,2D50-2E2Z
D03GFZ,2A00-2F9Z
D0MZ7K,MG30
D0MZ7K,EC90
D0MZ7K,2A00-2F9Z
D0MZ7K,2C27
D0UQ2G,MG30
D0UQ2G,EC90
D0UQ2G,2A00-2F9Z
D0UQ2G,2C27
D0CG8N,MG30
D0CG8N,EC90
D0CG8N,2A00-2F9Z
D0CG8N,2C27
D0QQ1J,1F8Y
D0R8FM,DA63
D01MXV,BA00-BE2Z
D02FEA,BA80
D0Q5PL,FA25
D02LHR,BA00-BA04
D0M7LV,6C50-6C5Z
D04SBX,1A00-1C4Z
D0C1XS,6A70-6A7Z
D0SU1G,MG30-MG3Z
D0Y0ZQ,DA61
D0OO6A,BA40
D08LDS,6B60
D02HKL,6B00-6B0Z
D0FX4J,CA22
D0Y0RW,8A80
D0NJ1A,6B60
D0W5RL,GA10
D01BPF,8A80
D0N1FR,2A00-2F9Z
D04DZD,BC65
D0S2GT,DD70
D0L5UO,BD40
D0E6UA,6B00-6B0Z
D0TL7L,DC30-DC3Z
D0FQ6O,EA90
D02VCK,6A70-6A7Z
D03IKZ,5A10
D0B1GX,DB60
D0Q7AW,5A2Y
D0T0LE,EA90
D0S6GJ,3B62
D0A2IH,DA63
D08NLQ,6A60
D0V4RH,1A24-1D9Z
D06DCL,2A60
D0P4BQ,6B00-6B0Z
D05MFO,6B00-6B0Z
D0UX0T,6D71
D0J6JZ,5A2Y
D0V1RX,BA40
D0T4BL,2C90
D0Q0SZ,1A00-1C4Z
D08JCL,GA91
D09YTY,DA63
D0ZE9C,6B00-6B0Z
D07ESH,8A20
D01YDF,DD71
D0U9TM,5A2Y
D0U9TM,FA25
D08LIF,MG30
D0K8NW,6B00-6B0Z
D0N7WR,2A00-2F9Z
D0W8RX,2A00
D0Y4EM,3B20
D0W7IL,3B64
D09TGX,2A60
D0L8QQ,6D71
D07EXV,BA00-BE2Z
D07EXV,BD4Z
D0C9JL,6B00-6B0Z
D0AM8W,8A20
D0K6SM,BA00-BA04
D0K6SM,GB60-GB6Z
D0IP6X,6A70-6A7Z
D0IP6X,6A21
D0IP6X,6A20
D04VIP,MG30-MG3Z
D01EBJ,8A80
D0V9OL,8A61-8A6Z
D0FH3X,6A20-6A25
D0W8VY,1A00-1C4Z
D0O2ET,5A2Y
D0X2TO,6A60-6E23
D0N5JJ,6D71
D0S0GM,6A20-6A25
D0H2KV,5A11
D0V7MA,6A60-6E23
D0W7VG,FA20
D07RYX,GA90
D08RMH,DD72
D0N9WB,CA23
D0J7EP,8A20
D0J7EP,6B00-6B0Z
D0E5YG,CA22
D00PFW,CA22
D01FUB,6A20
D0E6NR,1A00-1C4Z
D06FJO,DA42-DA60
D00QXV,6A60-6E23
D0GT8W,EA90
D0W9JH,ED80
D08VGT,EC90
D0YA0N,FA20
D0P2MH,5A2Y
D09PGM,6D71
D0R6MH,1A00-1C4Z
D0Q9ZD,FA20
D0R5UZ,2A00-2F9Z
D0UG4T,CA22
D0RW4F,MG30-MG3Z
D0Q4UY,1A00-1C4Z
D09PYD,BA00-BA04
D00DBE,CA23
D01DAD,CA23
D0T2EP,2A00-2F9Z
D08FZT,CA23
D0SU1F,8A80
D0G6PG,FA20
D0VA2I,EA90
D03ZKE,CA22
D06AVN,ED70
D0E0FY,2D42
D0BQ8M,MG30-MG3Z
D0L7OY,4A01-4B41
D09CFM,1A00-1C4Z
D03STA,CA22
D0I0GM,8A40
D09EEV,DD72
D03ABH,5A2Y
D0B9EH,EA80
D06XEL,BA41-BA43
D0H9GQ,6A60-6E23
D06UVO,EC90
D0T3VO,1A00-1C4Z
D0JY4Y,DB61-GB90
D00SPK,BA00-BE2Z
D00HFD,CA23
D03SFN,6A60-6E23
D0YQ3M,BA00-BE2Z
D0H7GH,EA80-EA89
D0W7KD,1A00-1C4Z
D0L2IQ,BA20-BA21
D02SKA,BA00-BA04
D0H9KW,CA22
D04PSL,GA91
D0E6UD,BA00-BE2Z
D00RMD,6D71
D08CKJ,BA00-BA04
D04QVN,EA90
D0E2CZ,MG30-MG3Z
D01IPI,BA20-BA21
D06NPB,FA20
D0R3EL,5A11
D0X4AV,6B00-6B0Z
D09IZX,MG30-MG3Z
D0N2FI,CA23
D0U0QI,GA91
D0F7WQ,CA25
D0B2BQ,6D71
D0D1YY,DA63
D05AHK,2B6E
D09WCE,8A80
D0D4JZ,5A11
D06HIO,BA00-BE2Z
D0X2PQ,FA20
D06WOJ,GA91
D08VMO,5A2Y
D0S6SU,BA40
D03ZVD,CA23
D0Z1RQ,6B00-6B0Z
D0G0IZ,2A00
D0V2CN,EA90
D0B7HX,BC9Z
D08GRF,2A00-2F9Z
D0E8UV,FA20
D01ZXW,2C10
D0O3IT,BA40
D0B2WQ,2A00-2F9Z
D0H6PN,8A61-8A6Z
D0T5MB,6A20-6A25
D0Q7FC,2C73
D0U5CS,6B00-6B0Z
D0N5HN,BA20-BA21
D02NGR,BC9Z
D0M0QX,CA23
D0K2ER,CA23
D0KF6X,FA20
D0P1TZ,CA22
D0DT2P,CA23
D03CFJ,MG30-MG3Z
D0S9KM,6B00-6B0Z
D05ZQV,2A00-2F9Z
D0U9LL,2C94
D0ZI0K,HA00-HA01
D05ILZ,FA20
D0E3EK,ED70
D03ZBM,FA20
D0F2IC,8A40
D00FYF,5A11
D0Z0OT,DD72
D0O4XW,ND56
D08ORO,BA00-BE2Z
D02GMT,BC9Z
D02JNX,MG30-MG3Z
D0XJ0S,6B00-6B0Z
D0A9CY,BC65
D03SWH,8A80
D0RL4M,DC30-DC3Z
D0FD0B,5A2Y
D0FP1A,EA90
D01YLF,MG30-MG3Z
D0W9PG,5A2Y
D0E4EZ,5A11
D0Y3RY,6A60-6E23
D0G5GJ,EA90
D0XE5L,CA22
D0K4ED,1A00-1C4Z
D07OMK,6B00-6B0Z
D0B2OC,6A70-6A7Z
D07YCR,2A00-2F9Z
D0CO2M,2A00-2F9Z
D0F3FB,6D71
D0W6XL,BC9Z
D0D3KY,FA20
D0U5EU,CA23
D02HBW,MG30-MG3Z
D0H1GF,BA00-BA04
D0M0RN,BA20-BA21
D09JXL,MG30-MG3Z
D0B4JL,6B00-6B0Z
D0S5ZJ,8A80
D0A5TM,BA20-BA21
D0D7XW,BA40
D0F9WF,FA20
D0EC2K,6B60
D00AKY,CA23
D0OQ3L,BA00-BE2Z
D01EDS,6B00-6B0Z
D04NPP,BA00-BA04
D05UHJ,6D71
D0D3BO,BC9Z
D0LU6N,6A60-6E23
D0U3EP,FA20
D0U3EP,4A42
D0E6DI,EA90
D0ML9K,2A00-2F9Z
D0W9SZ,1A24-1D9Z
D0JA1Z,5A11
D0G6ES,6B60
D03GAX,GC2Z
D06ODM,8A20
D03XDX,DE2Z
D0P3KA,MG30-MG3Z
D09WFI,6B60
D0B4XU,8A20-8A23
D0N8JA,1A24-1D9Z
D00CQW,2A00-2F9Z
D07GDN,5C80
D07GDN,BD4Z
D08WGZ,5A2Y
D04ZWH,8B20
D03KJV,MG30-MG3Z
D08SNX,CA23
D0MF3C,CA23
D0F8BS,6D71
D01ESB,6A70-6A7Z
D0T2TK,MG30-MG3Z
D09ORU,BA00-BA04
D0F1VQ,6D71
D06EDT,5A2Y
D08INO,2A00-2F9Z
D02QQB,2A00-2F9Z
D0GB3A,CA23
D0A1NU,5A11
D00RXR,BA00-BA04
D0Q9NJ,BA00-BA04
D0CO9B,2A00-2F9Z
D05NUT,EA90
D08XWZ,8A80
D0A8IE,6A20
D07IIX,8A61-8A6Z
D09MKQ,CA23
D0JJ1B,BC9Z
D0X5BD,6A20-6A25
D06WSQ,8A61-8A6Z
D0MV3Q,6B82
D09UXP,CA23
D01CAJ,CA22
D0P3CF,CA22
D0Y3LJ,CA22
D0Y3LJ,8A40
D0LX8D,2A00-2F9Z
D0P0HI,2A00-2F9Z
D06EMW,CA22
D06EMW,FA20
D0VR5T,2A00-2F9Z
D0X8MI,6A20-6A25
D06MXY,MG30
D04JGA,BA40
D03PTZ,6A20-6A25
D0AM1S,6B00-6B0Z
D04HZX,EA90
D0MT0A,8A40
D0F5NB,EA80
D03ESW,1A00-1C4Z
D04XEO,9B70-9B7Z
D0C0EO,DD72
D0L9PY,DA60
D03MAD,BD40
D07YHY,2C0Z
D04KZN,MG30-MG3Z
D0E8MW,FA20
D0K1OA,2B01
D0H2DN,2A00-2F9Z
D0F8XI,5C80-5C81
D0Z2QR,5A2Y
D0Z4QV,6A20-6A25
D0T6PV,1A00-1C4Z
D09FGX,2A00-2F9Z
D0JF6O,FA20
D0O2EB,CA23
D0Q9WN,3A00-3A9Z
D0F8RK,BA00-BE2Z
D06GMJ,1A00-1C4Z
D0M6YW,BA00-BA04
D00JNT,1E50-1E51
D02PIH,1A24-1D9Z
D0K7TX,6D71
D0I1BQ,FA20
D00CGU,DD72
D0BM6S,2B72
D0JN3M,6D71
D0N1SU,FA00-FA05
D0T8YV,2A80-2A86
D06AGD,GA91
D07UOS,GA91
D0V4ZC,5A11
D0QF4Z,8A80
D05BCA,6B60
D0Q5YH,6A20
D0MT7W,FA20
D0KM3P,BD52
D04UKJ,8A20
D08UNQ,6B60
D02ANJ,CA23
D03DXS,6A20-6A25
D0R5XK,1G40-1G41
D0SR4G,2A00-2F9Z
D03AZU,QA21
D09KXA,1A00-1C4Z
D09KXA,1A00-1C4Z
D08YFD,CA23
D0S7UU,MG20
D0K3GU,BD40
D0PZ4Y,MG30-MG3Z
D0N8AB,FA20
D04XJM,FA20
D0B0UN,5C80-5C81
D0S6AQ,2B70
D0ZG1Y,2A00-2F9Z
D0MT9G,6B00-6B0Z
D09GHB,2A00-2F9Z
D05QMJ,CA23
D0UZ1I,6A20-6A25
D0A9KI,FA20
D09NBM,BD40
D01FXD,CA22
D0D1VJ,6D71
D0LE7P,9C61
D0L3XV,CA23
D00WWU,CA23
D0C3AN,6A20-6A25
D0X5ZO,5A11
D04VTV,6D71
D05HSI,DC30-DC3Z
D0Q4YP,5A2Y
D0A9OV,2A00-2F9Z
D0A8EG,BA00-BA04
D0IE4H,6D71
D03JSS,8A80
D04TJP,3B64
D02WII,8A40
D01VSK,CA23
D0N3TO,DA60
D0R0OC,6B60
D05EVI,6B00-6B0Z
D06ZVC,6B00-6B0Z
D01GDH,2A00-2F9Z
D0C7JT,CA23
D0T2MN,DA60
D04NPX,BA20-BA21
D03EIC,8A40
D0GP8Q,FA21
D01UFH,2B72
D0L6HU,2C10
D06XWD,2C10
D06URX,2C10
D02MYI,2C10
D08HKK,2A60-2B33
D0V9MT,8A20
D0V9MT,8E47
D05HCO,2A00-2F9Z
D06LYZ,MG30-MG3Z
D0D1RF,DD72
D0G1EH,8A40
D0M9RE,5A2Y
D0A1VL,6B82
D0Q6ED,5A11
D0E2QN,CA23
D05QXT,BD40
D09MUM,1F29-1F2F
D0J7WO,6A20
D0T6NG,2A83
D0V6WU,2A60
D0V6WU,2A83
D0JW9E,2A60
D00OCB,2A00-2F9Z
D0I9XH,8B60
D04ABS,2A00-2F9Z
D09IFW,1F29-1F2F
D03PDZ,6A20
D0G5ML,8A80
D0QB8Q,2A00-2F9Z
D0XL4I,5A11
D0R1PZ,6A20
D04RSI,1F29-1F2F
D02NMO,5A2Y
D02NMO,6B82
D0R2SW,1F29-1F2F
D07SYN,MG30-MG3Z
D09WVR,1D2Z
D0BJ7W,MG20
D02ZWR,CA23
D02NEZ,CA00
D0X5YU,2A00-2F9Z
D0O6DC,5A11
D0V9ND,FA20
D00KJO,1A00-1A09
D0W0XM,8B1Z
D0N5NM,6A20
D0D4AQ,5A10
D0Q2VL,6A20
D0F6WV,6A20
D04UXX,6A20
D00MQS,6A20
D0X4SI,CA22
D02VOJ,6B00-6B0Z
D0K5EE,6A20-6A25
D00VPT,6A21
D00VPT,6A20
D0U0YR,6B00-6B0Z
D0U0YR,6A70-6A7Z
D0V7FG,8A20
D04PVN,6A20
D02TNS,1C80
D00TEN,8A40
D0T3JW,6A20
D0WQ5S,6A20
D0IY0R,1A00-1C4Z
D0V9ME,NE84
D04EIL,CA23
D0Y6TI,CA23
D0P5UE,BA00-BA04
D03XHD,1A00-1C4Z
D0Y6HY,1A00-1C4Z
D0N1WM,BA00-BA04
D0OQ4H,6A20-6A25
D05LCX,DE2Z
D0V2WK,1A00-1C4Z
D02VHE,8A20
D07SZJ,9C61
D0X9KE,CA23
D0L1IH,CA23
D05DNH,1F00
D03XUQ,MG30-MG3Z
D02UQU,8A20
D00PZH,5A11
D0J8UV,6A20
D0Q6GR,1A00-1C4Z
D0LB4T,5A11
D0N8UU,BA00-BA04
D07SXO,DD71
D0GZ7B,2A83
D0GZ7B,NE84
D05OVR,CA25
D0X8MZ,8A20
D0V1NI,MG30-MG3Z
D02ZPM,MG30-MG3Z
D0W5ZU,3B64
D0K3YG,1D82
D0Y8GL,MG30-MG3Z
D02ADJ,9C61
D03ICO,1A00-1C4Z
D08KDP,MD90
D0B6WN,CA23
D06ZWG,6A20
D0K4PN,6B00-6B0Z
D0NE3C,2A00-2F9Z
D07GIB,FA20
D0D0QA,DB61-GB90
D03GFC,5A2Y
D0Y1YX,2A00-2F9Z
D0K1PR,2A00-2F9Z
D02INZ,CA23
D06HYG,BC65
D0L7ZX,CA23
D0W7DD,CA23
D05VNG,8A40
D0XJ0P,1E30-1E32
D0V2ZJ,FA20
D0B3CT,2A00-2F9Z
D05MQO,1D82
D0I2OP,6A20
D0V1HK,BC65
D0AX4E,BA40
D0U6AL,CA23
D0EH2O,6A20-6A25
D0W2DV,5A2Y
D0Q7TH,8A80
D04MBS,BA00-BE2Z
D01VUE,BA00-BA04
D08QTP,1C80
D0C7FN,1A00-1C4Z
D0J7AI,2A00-2F9Z
D0V1SD,6A20
D07DGM,BA00-BA04
D05IPO,6A20
D0C9RZ,CA23
D05WPQ,FA20
D0HJ1Y,CA23
D00LYW,8B1Z
D05SVQ,1A24-1D9Z
D01ZLI,1A00-1C4Z
D01TCM,6C4Z
D04RDT,8A20
D0Q1ER,6B00-6B0Z
D0DS4P,BA41-BA42
D0KR3X,BA00-BA04
D08ZIH,MG30-MG31
D0M2GI,8A20
D0L8RG,FA20
D0T7EZ,1A24-1D9Z
D00ITG,CA40
D03ZGV,6B00-6B0Z
D0P6EL,BC65
D0H5PD,CA23
D03RGO,MG30-MG3Z
D03YLN,1A00-1C4Z
D06UFH,2A00-2F9Z
D0Y3ZX,2A00-2F9Z
D01WJM,2A00-2F9Z
D0PU8Z,2A81
D0FC5T,1A00-1C4Z
D02KLW,8B1Z
D05ZGW,BA00-BE2Z
D0M9SL,5A2Y
D0Z3JC,1A00-1C4Z
D0F6XR,BA00-BE2Z
D0P3IZ,6A20
D0KC7K,2A00-2F9Z
D0T6VU,2A00-2F9Z
D0E1WY,CA23
D02ERH,2A00-2F9Z
D05PTG,2A00-2F9Z
D05AHQ,1A00-1C4Z
D09JYF,CA23
D0U1FZ,8A20-8A23
D08VJI,8A20
D09IUG,8A20
D00PXQ,6A20
D05EKM,8A20
D04SVB,FA20
D0J4GQ,8A20
D01ZDR,MD92
D0RZ0N,5A2Y
D0IX7G,BA40
D03FUO,FA20
D0K0KP,BC65
D08OUU,BA40
D0O8SY,ED70
D0RR4T,DD72
D0II9K,6B00-6B0Z
D0OL4S,8B1Z
D0A3OF,6A20
D0Q3ZN,1E30-1E32
D00XEU,2A00-2F9Z
D01QUF,CA23
D0F9BX,BA00-BA04
D0Q7OA,MG30-MG3Z
D05KHN,6B00-6B0Z
D0J7UI,CA23
D0U6NV,1A24-1D9Z
D07OCC,MG30-MG3Z
D0DN1I,5A11
D0PM9P,1A00-1C4Z
D04APY,CA23
D01LXG,CA23
D0GS7N,BA00-BA04
D00UBK,BA00-BA04
D03UNN,8A20-8A23
D0G1RT,8A80
D03CNT,6B60
D0AZ5V,8A20
D0M1WN,8B1Z
D00YQZ,BC9Z
D0W2ED,2A00-2F9Z
D03OLA,2A00-2F9Z
D0Y7WL,DC30-DC3Z
D01FLN,5A10
D01QAR,FA20
D0Y2IH,CA23
D00UEG,6B00-6B0Z
D04JQR,6B60
D0F7XN,BA00-BA04
D0U0PV,8B1Z
D05BIT,5A10
D0G5ZE,8A20
D06ZAM,8A20
D0IA7K,1B5Y
D0K0XG,8A20
D02XMM,CA23
D0FS9K,2C94
D0KN7H,2A00-2F9Z
D0S7VN,4A01-4B41
D0NC1D,BA41-BA42
D06REJ,2A00-2F9Z
D07UHY,CA22
D03NPZ,6A20-6A25
D03DFY,8A20
D03WMY,CA23
D0B6QO,DB61-GB90
D0P6YO,6B00-6B0Z
D05UQD,BA00-BA04
D0X2OV,MG30-MG3Z
D08IRR,6A20-6A25
D09ENA,6A20-6A25
D0CV7T,BA20-BA21
D03GQC,1A00-1C4Z
D0J8RS,BD40
D0H0KK,BA00-BA04
D0N4SU,NA00-NA0Z
D0M0NT,5A11
D02NYK,N.A.
D0OH5V,2A00-2F9Z
D0T1SF,8A80
D0Z1HQ,NE84
D03AZY,6A20
D0G3MH,6C4Z
D00MLQ,1A00-1C4Z
D0F3TI,5A11
D0C5HV,CA23
D0EN4G,DC31-DC34
D01XEQ,EA90
D0NF7S,8B10-8B11
D00KWA,BC65
D0P3SH,8A04-8D87
D0G2LT,6A20
D07FHZ,CA23
D0Z7AN,6B00-6B0Z
D03HSF,1F29-1F2F
D0TK0W,8A20
D01NBX,BC65
D05IVZ,8A20
D0N4PC,2C76
D05ALG,6B82
D05ALG,1F29-1F2F
D08JKK,FA20
D0KC5X,MG30-MG3Z
D0L2BH,1B5Y
D0Y6SN,6A20
D07NWC,6B00-6B0Z
D06MPF,EC90
D00MEV,CA23
D0C0EX,BD52
D0OU7P,5A11
D09SCI,FA20
D0W8OH,CA23
D06HRY,BC65
D01RAE,6A20
D0E6LC,5A2Y
D06WBA,BA00-BA04
D0R3OR,6B82
D09PTL,1B10-1B21
D0B3MV,CA22
D0PQ3V,CA25
D0W0LS,NE84
D0G9RW,2A00-2F9Z
D05FYA,6D71
D00XRI,BA00-BA04
D0F7TV,BD4Z
D0QF6E,DB61-GB90
D0UO9T,8A80
D09BHF,5A2Y
D00AWA,CA21
D0H0IA,FA20
D04YNI,FA20
D0Y0BC,2A00-2F9Z
D0YK7C,2A00-2F9Z
D05HYL,DE2Z
D07OGR,FA20
D0OW1R,6A20-6A25
D0YB6P,2A00-2F9Z
D0NR3V,BA40
D05RMW,6A20
D07VUD,GA90
D0L5YF,2A00-2F9Z
D06YOD,CA23
D0C7KK,8C0Z
D02UIE,8A20
D0P3IE,8A20
D0D8MD,CA23
D0C7LA,CA23
D07DZS,2C30
D0D2UA,DE2Z
D0A3SQ,2C30
D0AS0V,1F40-1F45
D06BFH,2C30
D0PN6C,6D71
D0OQ5H,2C73
D0A6NP,2A00-2F9Z
D03GAN,6B60
D0VY5O,2A00-2F9Z
D0M8LN,6A20
D09LTO,5A2Y
D01EPO,6B00-6B0Z
D0M2JA,8A04-8D87
D0M2AN,5A10
D0G0AQ,2A00-2F9Z
D08XFR,2A00-2F9Z
D02RYE,CA22
D08LIU,5A10
D0D7YR,5A2Y
D0G8BE,5A2Y
D0B3IZ,5A2Y
D01XHU,2A00-2F9Z
D05APM,8B1Z
D02JHW,2A00-2F9Z
D05TZJ,DD72
D05TZJ,EA90
D05TZJ,FA20
D0Y1BF,2A00-2F9Z
D0YZ1J,5A10
D0V7PX,2A00-2F9Z
D0O5CL,2A00-2F9Z
D0T2MV,DA21
D0T2MV,MD90
D02RZC,GA90
D0O0II,2C94
D04LBJ,CA23
D0N7HS,CA07
D00OFV,DE2Z
D02MTK,5A10
D04VPP,2A00-2F9Z
D03BWQ,2A00-2F9Z
D02WRE,9C61
D0N1RE,2A83
D07OED,MG20
D00YTQ,FA20
D0YC1R,4A01-4B41
D05MSG,8A80
D0GX8F,2A00-2F9Z
D0R3OQ,8C0Z
D0R7FS,2A00-2F9Z
D01ZWF,5A41
D0M2LD,6B60
D0BR7M,2A00-2F9Z
D0H2NH,MG30-MG3Z
D0Z6VR,1F40-1F45
D0Z6VR,2A00-2F9Z
D0N8CN,2A00-2F9Z
D0R2MQ,CA23
D06ACI,8A20-8A23
D00EFD,6B00-6B0Z
D0OL4R,2A00-2F9Z
D0R3VL,EA80
D0DH1H,2A00-2F9Z
D03LCX,2A00-2F9Z
D0H3JH,5A10
D05YEL,CA23
D0K9PS,CA22
D0HR5Q,2A00-2F9Z
D0VD7H,2A00-2F9Z
D0O5UF,5A11
D0F4QJ,FA00-FA05
D0EZ9C,FA20
D0O7DP,5A2Y
D0GZ5F,2A00-2F9Z
D04QAE,5A10
D04EDQ,FA20
D05RLT,2A00-2F9Z
D0L1NF,5A2Y
D0FH8R,5A11
D05QBF,DE2Z
D0Q4DO,5A11
D03OMK,EA80
D0O7NV,6B01
D07YOX,5A2Y
D0R7HA,5A11
D0V4RK,5A11
D0W7XH,8B20
D04ZSZ,CA23
D07PUS,1F40-1F45
D09WBQ,1F40-1F45
D0C0AA,2A00-2F9Z
D00VSQ,6A20
D03QAS,2A00-2F9Z
D0I7VI,DD72
D0YA6U,KA40
D01KRQ,5A2Y
D07UEJ,5A11
D01IMY,3A00-3A9Z
D0R2HZ,NE6Z
D0U4QZ,2A00-2F9Z
D0VV5X,2A00-2F9Z
D0X6AU,2A00-2F9Z
D04BEL,3B10
D0Q5II,4A01-4B41
D0TY0P,2A00-2F9Z
D0SD3Q,6B00-6B0Z
D0Y2TI,2A00-2F9Z
D0D7XS,BA40
D02WQR,GA6Z
D02CCA,CA23
D0T4LT,BA00-BE2Z
D0EU1R,2A00-2F9Z
D0BD6A,5A10
D04QFY,2A00-2F9Z
D0FJ3P,FC0Z
D0C3AD,2A00-2F9Z
D06ECM,6B60
D07QBJ,JB00
D0YZ0B,6D71
D09CTF,3B10
D0N1QH,2A00-2F9Z
D0CA2S,8B1Z
D06EHW,2A00-2F9Z
D0Q9UL,3B10
D0N0VW,2A00-2F9Z
D07VJK,2A00-2F9Z
D00JIX,2A00-2F9Z
D0WS8K,DA63
D08AOV,2A00-2F9Z
D0W5CT,2A00-2F9Z
D0JR9V,2A00-2F9Z
D0I6QN,2A00-2F9Z
D0D8DA,DD71
D0E5VP,EA80
D05QCE,BA00-BE2Z
D02IIL,2A00-2F9Z
D05SYO,BA41-BA43
D05LYC,5A11
D0IL7V,5A10
D09PNV,DC30-DC3Z
D05EPY,9C61
D0D0LD,CA23
D01FRK,3B10
D0BI9W,5A10
D0C6TL,8A20
D0U6DZ,8A20-8A23
D0Q7XA,3B10
D0P8ME,3B10
D0V6KF,GA10
D09CKT,6A70-6A7Z
D00LZH,5A10
D0Y8YE,2A00-2F9Z
D0H0KA,2A00-2F9Z
D08JNG,8A20-8A23
D0E6QI,2A00-2F9Z
D09IGF,2A00-2F9Z
D0L3JR,2A00-2F9Z
D0NY9Q,5A10
D04TGU,MG30-MG3Z
D04LMJ,NE6Z
D0S7NS,GA14-GC01
D00NPE,CA22
D09VFU,2A00-2F9Z
D0P5LX,CA23
D06ZXT,DD72
D0F4SI,BE2Z
D0P1BK,NE84
D0R7WK,6B60
D09JET,7A00-7A0Z
D02OCD,8A40
D06UUP,8A04-8D87
D05PTL,2A00-2F9Z
D0QI6W,3B64
D0G6KH,2A00-2F9Z
D0FY2N,8A20-8A23
D0JY2K,BC65
D09KUE,2A00-2F9Z
D09GVB,MG30-MG3Z
D0A7XQ,2A00-2F9Z
D0NH1E,6B00-6B0Z
D0VC0I,MG30-MG3Z
D06YUR,1F40-1F45
D0Q5MC,2A00-2F9Z
D0J1KG,5A2Y
D0CE5S,5A2Y
D04QUD,CA22
D0J3AV,2A00-2F9Z
D0U1HE,5C50-5D2Z
D0H2MF,GA10
D04JPG,8A20
D09TPW,9C61
D04TZA,1F28-1G07
D06NIT,6D71
D09BXJ,2A00-2F9Z
D05WKT,5A11
D0D4JT,2A00-2F9Z
D08SMN,2A00-2F9Z
D05QML,2A00-2F9Z
D01BEX,CA23
D07MQC,2A83
D0A3SX,5B3Z
D03PMB,MG30-MG3Z
D0D5KQ,2A00-2F9Z
D0V6EY,1A00-1C4Z
D0Y0BZ,CA22
D02HWR,2A00-2F9Z
D09GXF,BA00-BA04
D0OY7A,CA22
D0D1TX,BA41-BA43
D05TKO,5A11
D01WMW,5C80-5C81
D0M7IG,2A00-2F9Z
D05PTT,FA20
D00UPU,6B00-6B0Z
D0XH2N,CA23
D03QXD,BD40
D0P4DG,2A00-2F9Z
D0EQ1J,2A00-2F9Z
D0NY7A,6B82
D08ROQ,6B82
D08MUX,6A70-6A7Z
D08GBT,2A00-2F9Z
D0JC4J,2A00-2F9Z
D09WOY,2A60
D0KP0L,3B64
D0Z1VE,2A00-2F9Z
D09VZR,2A00-2F9Z
D0J2GG,2A00-2F9Z
D0T0SK,2A00-2F9Z
D0C3GZ,3B64
D00PBI,6B60
D0K8PH,MD90
D0S3UH,6B60
D0S1HX,CA07
D0BT4P,8B60
D05SCQ,8B60
D0W7DP,8B60
D00QTU,2A00-2F9Z
D0EW8Y,8B1Z
D04JTY,1F40-1F45
D04JTY,GC08
D0W1NH,1F40-1F45
D0EI7H,3B64
D0S7XR,6A20
D0B3VU,3B64
D08YCS,MG30-MG3Z
D05ETD,5A11
D0X8UW,CA22
D04KQF,2A83
D08MLH,5A11
D01YGY,8A20
D0L0LR,2A83
D00LDI,2A00-2F9Z
D09HUF,CA23
D06UZS,BD50
D02UID,BD40
D0G5OV,2A00-2F9Z
D0KS0I,MG30-MG3Z
D07NDK,BD50
D04HAA,2A00-2F9Z
D0OH9B,5C80
D0M1OU,MG30-MG3Z
D0W5HA,MG30-MG3Z
D05UDU,2A00-2F9Z
