t,e2,d
T00033,Phase 1/2,GB61
T00100,Phase 1,2A00-2F9Z
T00140,Terminated,BD40
T00140,Approved,CA23
T00140,Discontinued in Phase 1,EA80
T00140,Phase 2,5B10
T00140,Discontinued in Phase 2,BA00-BE2Z
T00140,Discontinued in Phase 1,CA22
T00140,Discontinued in Phase 2,EA80-EA89
T00140,Phase 2,1F29-1F2F
T00140,Investigative,1F40-1F45
T00140,Discontinued in Phase 1,FA00-FA05
T00140,Discontinued in Phase 2,MG30-MG3Z
T00140,Discontinued in Phase 2,EC90
T00140,Discontinued in Phase 2,EA90
T00140,Discontinued in Phase 2,FA20
T00140,Phase 2,2A00-2F9Z
T00140,Discontinued in Phase 2,DB61-GB90
T00156,Phase 1,6B00-6B0Z
T00156,Phase 1,6A70-6A7Z
T00176,Phase 1,2A60
T00176,Phase 1,2A37
T00176,Phase 1,2A00-2F9Z
T00176,Phase 1,2B59
T00176,Phase 1,2A80-2A86
T00239,Phase 2,CA23
T00239,Phase 2,4A42
T00419,Phase 2,8B60
T00419,Phase 2,8B61
T00477,Investigative,8A20-8A23
T00484,Investigative,5A10
T00484,Investigative,DD72
T00484,Investigative,2A00-2F9Z
T00494,Approved,BA80
T00494,Investigative,5C80-5C81
T00663,Investigative,KA40
T00884,Phase 2,CA22
T00884,Phase 2,DD72
T00884,Phase 1,2A00-2F9Z
T00884,Phase 2,DD71
T00884,Withdrawn from market,FA25
T00884,Approved,MG30-MG3Z
T00884,Phase 3,NE84
T00890,Phase 2,BA00-BE2Z
T00890,Phase 1,5C80-5C81
T00890,Phase 2,5C80
T00890,Clinical trial,EA90
T00895,Phase 2,8A20
T00895,Approved,6B00-6B0Z
T00895,Approved,1F40-1F45
T00902,Terminated,8A04-8D87
T00938,Phase 1,2C30
T00938,Phase 2,8B60
T00938,Phase 2,8A40
T01110,Phase 1,2F7B
T01110,Phase 1/2,5A10
T01110,Phase 1,FA2Z
T01110,Phase 2,2D50-2E2Z
T01110,Phase 1/2,2A00-2F9Z
T01110,Phase 2,2B30
T01110,Phase 2,FA20
T01232,Phase 1/2,2A60
T01232,Phase 1/2,4A00-4A85
T01232,Phase 1/2,2A85
T01232,Phase 1/2,2A00-2F9Z
T01232,Phase 1/2,QB63
T01232,Phase 2,5A10
T01232,Phase 2,2A81
T01232,Phase 2,2B30
T01232,Phase 2,2B32
T01232,Phase 2,2A80-2A86
T01232,Phase 1,8A40
T01232,Phase 2,2C90
T01232,Phase 3,NE84
T01271,Investigative,2A00-2F9Z
T01280,Clinical trial,MF8Y
T01318,Approved,1F29-1F2F
T01318,Approved,5C80
T01318,Approved,8A40
T01318,Approved,1F40-1F45
T01318,Approved,FA20
T01447,Phase 3,2A37
T01575,Terminated,5A10
T01575,Phase 2,FA20
T01777,Discontinued in Phase 2,5A2Y
T01777,Phase 2,8A20
T01777,Terminated,CA23
T01777,Phase 2,BD4Z
T01777,Phase 2,GB61
T01777,Phase 2,MG30
T01777,Phase 3,6B40
T01777,Discontinued in Phase 3,6A70-6A7Z
T01777,Phase 1,BD54
T01777,Phase 3,6B60
T01777,Phase 2,8E43
T01777,Terminated,BC65
T01777,Approved,9C61
T01777,Approved,1F00
T01777,Approved,BA00-BA04
T01777,Approved,BA20-BA21
T01777,Phase 2,MG30-MG3Z
T01777,Discontinued in Preregistration,DA61
T01777,Discontinued in Phase 2,GA91
T01777,Discontinued in Phase 2,HA00-HA01
T01777,Investigative,ND56
T01777,Investigative,NE6Z
T01777,Phase 4,CA08
T01822,Phase 2,1F40-1F45
T01840,Approved,5C5A
T01840,Terminated,8A20
T01840,Phase 2,EA80
T01840,Discontinued in Phase 1,CA22
T01840,Discontinued in Phase 1,3B10
T01840,Terminated,CA25
T01840,Terminated,FA20
T01840,Terminated,2A00-2F9Z
T01851,Phase 1,9B71
T01865,Investigative,1F40-1F45
T01908,Discontinued in Phase 2,EA80
T01943,Phase 3,DB93
T01973,Phase 1/2,8A20
T01973,Investigative,2A00-2F9Z
T02001,Investigative,CA07
T02001,Phase 1,8A20
T02001,Terminated,5D00
T02001,Discontinued in Phase 1,CA23
T02001,Investigative,EA80
T02001,Terminated,BD4Z
T02001,Discontinued in Phase 1,CA22
T02001,Phase 2,DD70
T02001,Investigative,2A82
T02001,Phase 2,6D71
T02001,Phase 1,6A60-6E23
T02001,Discontinued in Phase 2,8A40
T02001,Discontinued in Phase 1,2B01
T02001,Investigative,CA40
T02001,Discontinued in Phase 2,EA90
T02001,Phase 2,FA20
T02134,Investigative,1F40-1F45
T02134,Investigative,2A00-2F9Z
T02221,Phase 1,1D82
T02228,Investigative,1A00-1C4Z
T02228,Phase 2,CA25
T02228,Phase 3,AA00-AA13
T02246,Phase 2,3A00-3A9Z
T02246,Phase 1,BA00-BE2Z
T02246,Phase 3,3A00
T02246,Approved,5C64
T02246,Approved,3A50
T02258,Phase 3,2A00-2F9Z
T02262,Phase 2,2A60
T02262,Phase 2,2B30
T02318,Approved,4A40
T02318,Discontinued in Phase 1,2A80-2A86
T02318,Phase 3,2A83
T02318,Discontinued in Phase 2,FA20
T02318,Discontinued in Phase 2,3B64
T02333,Phase 1,6B82
T02333,Phase 1,5B11
T02546,Discontinued in Phase 2,6B60
T02546,Phase 3,FA00-FC0Z
T02546,Investigative,MG30-MG3Z
T02551,Phase 1,8A20
T02551,Phase 1,6A05
T02551,Phase 1,6A60
T02551,Phase 1,6A70-6A7Z
T02551,Phase 2,6A20
T02551,Phase 2,2A00
T02551,Phase 2,2C76
T02551,Phase 1/2,2A60-2B33
T02551,Phase 1/2,2A80-2A86
T02551,Phase 2,2A83
T02551,Phase 2,CA07-CA4Z
T02551,Phase 1,2A00-2F9Z
T02551,Phase 2,2B72
T02551,Investigative,MD90
T02551,Investigative,DA21
T02551,Discontinued in Phase 1,6A20-6A25
T02551,Phase 1,HA00-HA01
T02551,Terminated,6C4Z
T02562,Phase 1,8A20
T02562,Patented,BE2Z
T02562,Patented,2A00-2F9Z
T02562,Patented,ME82
T02617,Phase 1,2A00-2F9Z
T02677,Phase 2,2A00
T02677,Phase 1,2A83
T02677,Phase 1,2C74
T02677,Phase 1,2C73
T02677,Phase 1,2A00-2F9Z
T02702,Phase 3,1A00-1C4Z
T02703,Discontinued in Phase 1,BD52
T02703,Phase 2,CA23
T02703,Phase 2,BA00-BE2Z
T02703,Phase 2/3,GB61
T02703,Phase 1/2,BA80
T02703,Discontinued in Phase 2,5A44
T02703,Discontinued in Phase 2,FA20
T02703,Phase 3,FA00-FA05
T02703,Phase 2,MG30-MG3Z
T02703,Discontinued in Phase 1,1G40-1G41
T02703,Phase 3,2A00-2F9Z
T02719,Discontinued in Phase 1,8A20
T02719,Discontinued in Phase 1,6A70-6A7Z
T02719,Phase 2,6A20-6A25
T02719,Discontinued in Phase 2,6B00-6B0Z
T02719,Discontinued in Phase 2,6A60-6E23
T02719,Phase 1,6A20
T02728,Terminated,MG30-MG31
T02728,Investigative,6B60
T02728,Phase 2/3,DD72
T02728,Terminated,MG30-MG3Z
T02752,Discontinued in Phase 1,CA23
T02752,Discontinued in Phase 1,CA08
T02777,Approved,5A2Y
T02777,Approved,BA40
T02777,Discontinued in Phase 1,8A40
T02777,Approved,5A11
T02779,Phase 3,CA25
T02808,Phase 1,2A00
T02808,Terminated,5A10
T02808,Phase 1,4A40
T02808,Phase 2,FA20
T02808,Approved,8A40
T02808,Approved,5A11
T03006,Discontinued in Phase 1,6D71
T03046,Phase 2,2C10
T03279,Preclinical,2A82
T03313,Terminated,5A10
T03313,Phase 1,2B30
T03313,Phase 2,2A82
T03313,Approved,NE84
T03346,Discontinued in Phase 1,CA23
T03346,Phase 3,EA80
T03346,Phase 2,4A42
T03346,Investigative,2A00-2F9Z
T03403,Discontinued in Phase 1,CA23
T03403,Phase 2,EA80
T03403,Approved,8B1Z
T03403,Discontinued in Phase 2,DA42-DA60
T03403,Approved,5C80
T03403,Approved,3B14
T03403,Discontinued in Phase 2,4A01-4B41
T03403,Phase 1,DD72
T03403,Approved,ME82
T03403,Approved,8A80
T03403,Phase 1,FA00-FA05
T03403,Phase 1,MG30-MG3Z
T03403,Approved,BA41-BA43
T03403,Approved,AA80-AB0Z
T03403,Discontinued in Phase 3,3B62
T03403,Approved,FA20
T03410,Phase 1,CA23
T03410,Phase 2,1A00-1C4Z
T03410,Phase 2,1B10-1B14
T03500,Investigative,BD50
T03500,Investigative,BD40
T03500,Phase 1,CA23
T03500,Discontinued in Phase 2,CA22
T03500,Phase 1,2C90
T03513,Phase 2,2A00
T03513,Phase 2,2C76
T03513,Phase 1/2,2A60-2B33
T03513,Phase 1/2,2A80-2A86
T03513,Phase 2,2A83
T03513,Phase 2,CA07-CA4Z
T03513,Phase 1,2A00-2F9Z
T03513,Phase 2,2B72
T03573,Phase 1,4A40-4A45
T03573,Phase 2,5A10
T03573,Phase 2,4A40
T03573,Phase 1/2,FA20
T03634,Phase 1/2,2A60
T03634,Phase 1/2,4A42
T03644,Phase 1,8A20
T03661,Phase 3,4A00-4A85
T03661,Preregistration,MG30
T03661,Approved,2A82
T03691,Approved,2A60
T03691,Discontinued in Phase 2,BA41-BA43
T03755,Phase 2,2A82
T03755,Phase 2,2A20
T03818,Terminated,5A11
T03896,Approved,1E50-1E51
T03917,Approved,BC9Z
T03917,Discontinued in Phase 2,BA00-BE2Z
T03917,Terminated,BC65
T03917,Phase 2,BA00-BA04
T03917,Phase 2,2C10
T03917,Phase 2,2A00-2F9Z
T03963,Phase 2,CA23
T03963,Phase 1,8B60
T03963,Phase 2,8A40
T04079,Phase 1,1F40-1F45
T04084,Investigative,2A00-2F9Z
T04183,Discontinued in Phase 1,2A00-2F9Z
T04321,Phase 1/2,CA40
T04321,Phase 3,SA80-SA8Z
T04361,Investigative,2A85
T04388,Clinical trial,8B42
T04389,Terminated,BA40
T04389,Discontinued in Phase 2,6D71
T04389,Phase 2,EA90
T04389,Phase 2,DD71
T04394,Approved,5A2Y
T04394,Phase 1,BA00
T04507,Phase 3,8B1Z
T04507,Phase 3,8B20
T04741,Investigative,2A00-2F9Z
T04773,Phase 2,BD4Z
T04773,Phase 1,9B71
T04820,Investigative,1F40-1F45
T04894,Phase 1,FA21
T04902,Phase 1,8A20
T04902,Terminated,8B11
T04902,Discontinued in Phase 3,6B60
T04902,Withdrawn from market,1F8Y
T04911,Phase 1,1E50-1E51
T05031,Phase 1,MG30-MG3Z
T05031,Phase 1,2A00-2F9Z
T05031,Terminated,DB61-GB90
T05089,Approved,FA25
T05089,Approved,1A2Z
T05090,Phase 1,2A00-2F9Z
T05114,Phase 2,EA80
T05114,Investigative,BA00-BE2Z
T05114,Phase 2,CA22
T05114,Phase 2,BD11
T05152,Approved,1E50-1E51
T05152,Phase 2,1A24-1D9Z
T05196,Approved,FA25
T05351,Phase 2,CA22
T05409,Phase 1,BA00-BE2Z
T05409,Phase 1,8A40
T05409,Discontinued in Phase 2/3,GB61
T05409,Discontinued in Phase 2/3,BA00-BA04
T05409,Discontinued in Phase 2/3,GB60-GB6Z
T05409,Phase 1,MG30
T05409,Terminated,BA41-BA42
T05409,Discontinued in Phase 2,BA20-BA21
T05409,Phase 1,2A60-2B33
T05409,Phase 1,2A85
T05409,Discontinued in Phase 2,MG30-MG3Z
T05409,Phase 1,HA00-HA01
T05661,Phase 2,BA80
T05661,Phase 1,BA41-BA43
T05849,Discontinued in Phase 2,6B00-6B0Z
T05849,Phase 2,5A10
T05849,Approved,N.A.
T05849,Terminated,DE2Z
T05849,Phase 3,DA63
T05849,Terminated,MD92
T05849,Phase 2,DA60
T05849,Preclinical,DA22
T05849,Discontinued in Phase 1,2C0Z
T05849,Approved,5A4Y
T05849,Phase 2,DC30-DC3Z
T05849,Phase 2,DA43-DA4Y
T05849,Phase 1,2D10
T05849,Phase 2,DD71
T05880,Patented,8A20
T05880,Patented,1F00
T05904,Investigative,1F28-1G07
T05938,Phase 1,2C74
T05938,Phase 1,2C73
T06011,Phase 1,3A00-3A9Z
T06011,Phase 1/2,2A37
T06011,Phase 1,2A00-2F9Z
T06042,Approved,BA40
T06046,Discontinued in Phase 2,BA40
T06046,Phase 2,BA80
T06046,Phase 2,BA00-BA04
T06046,Phase 2,BA20-BA21
T06046,Phase 3,BA41-BA43
T06046,Phase 1,BB01
T06093,Investigative,CA22
T06093,Investigative,9C61
T06093,Phase 1,4A40
T06093,Phase 2,EA90
T06093,Phase 1,FA21
T06093,Phase 2,FA20
T06093,Phase 1,4A42
T06093,Investigative,2A00-2F9Z
T06182,Phase 1,BC43
T06182,Phase 1,BA00-BA04
T06182,Phase 1,8C70
T06182,Phase 2,BB01
T06182,Phase 1,CA22
T06273,Approved,EF20
T06273,Phase 3,2A60
T06273,Phase 3,2A37
T06273,Investigative,8B1Z
T06273,Approved,2C74
T06273,Investigative,8B20
T06273,Phase 2,2C30
T06273,Investigative,BA41-BA43
T06273,Approved,2C73
T06273,Investigative,2A00-2F9Z
T06320,Phase 2,GB61
T06421,Phase 1,GA10
T06421,Approved,1E50-1E51
T06421,Phase 3,4A40
T06421,Approved,2A82
T06421,Approved,8A40
T06421,Approved,2A20
T06421,Approved,2C90
T06438,Phase 1/2,8A03
T06438,Phase 1/2,8C70
T06438,Approved,DD71
T06446,Investigative,CA23
T06455,Approved,2B01
T06455,Approved,EA90
T06475,Phase 2,2A60-2B33
T06475,Phase 1/2,2A00-2F9Z
T06569,Approved,1A00-1C4Z
T06569,Approved,EA81
T06569,Investigative,2A00-2F9Z
T06671,Phase 1,CA22
T06671,Phase 1,2A80
T06671,Discontinued in Phase 1,FA20
T06671,Phase 1,2C73
T06671,Phase 2,5A11
T06841,Phase 1,DD70
T06841,Phase 3,2A82
T06841,Phase 3,EA90
T06841,Phase 2,FA21
T06841,Phase 2,FA20
T06850,Phase 1,5A10
T06869,Phase 3,2A00-2F9Z
T06955,Investigative,CA23
T06955,Investigative,EA80
T06955,Investigative,5A10
T06955,Phase 1,4A01-4B41
T06955,Phase 1,2B32
T06955,Phase 1,BD9Z
T06955,Phase 1,2A80-2A86
T06955,Phase 1,2A00-2F9Z
T06955,Approved,2B01
T06955,Approved,2B02
T07035,Investigative,1A24-1D9Z
T07045,Phase 1,ND56
T07137,Approved,5C50
T07137,Terminated,1C80
T07173,Phase 1,2D11
T07173,Phase 2,2B91
T07173,Phase 1,2A00-2F9Z
T07173,Patented,8A20
T07173,Patented,EA80
T07173,Patented,EA90
T07173,Patented,MG30
T07173,Patented,8E43
T07173,Patented,EC90
T07173,Patented,2C27
T07173,Preclinical,MG30-MG3Z
T07173,Phase 1,2C10
T07247,Phase 2/3,8A80
T07279,Phase 1/2,2A83
T07279,Phase 1,2A00-2F9Z
T07289,Approved,1F40-1F45
T07303,Phase 1/2,8A20
T07303,Phase 3,BE2Z
T07303,Phase 3,2C12
T07303,Phase 3,2C90
T07303,Investigative,2A00-2F9Z
T07394,Phase 1,2A80-2A86
T07394,Phase 1/2,2A90
T07394,Phase 1,2A00-2F9Z
T07400,Phase 1,8A20
T07400,Phase 3,GB61
T07400,Phase 2/3,BA20-BA21
T07403,Approved,DD70
T07403,Phase 2,DD72
T07403,Discontinued in Phase 1,8A40
T07403,Discontinued in Phase 1,FA20
T07448,Phase 2,5D00
T07448,Phase 2,4A40
T07448,Phase 2,3B65
T07485,Approved,1C80
T07485,Terminated,1A24-1D9Z
T07507,Phase 1/2,AB52
T07507,Phase 1,9B70
T07533,Phase 1,5C80
T07569,Approved,1F40-1F45
T07601,Preclinical,9C61
T07601,Phase 2,1E50-1E51
T07601,Phase 3,8C70
T07663,Discontinued in Phase 2,BA40
T07663,Terminated,CA23
T07663,Discontinued in Phase 2,BA00-BE2Z
T07663,Phase 2,CA22
T07663,Phase 3,2B91
T07663,Approved,BA00-BA04
T07663,Discontinued in Phase 2,HA00-HA01
T07806,Terminated,6B00-6B0Z
T07806,Phase 3,6A05
T07806,Terminated,6A70-6A7Z
T07806,Approved,8A80
T07806,Discontinued in Phase 2,6A60-6E23
T07806,Terminated,MG30-MG3Z
T07806,Approved,6A20-6A25
T07806,Approved,6A20
T07861,Phase 2,CA23
T07958,Discontinued in Phase 1,3A00-3A9Z
T07958,Terminated,8B1Z
T07958,Phase 2,6A70-6A7Z
T07958,Phase 2,8E43
T07958,Phase 1,9B71
T08014,Phase 3,2A60
T08014,Phase 3,8A20
T08133,Phase 1,8A20
T08133,Phase 1,2C73
T08133,Phase 1,2A00-2F9Z
T08156,Phase 1/2,1E50-1E51
T08298,Investigative,BD50
T08306,Phase 1,4A40-4A45
T08306,Phase 2,2A81
T08391,Phase 1/2,EA80
T08391,Phase 2,2A86
T08391,Investigative,3A00-3A9Z
T08391,Phase 2,CA23
T08391,Phase 2,2A20
T08391,Phase 1,2A60-2B33
T08391,Phase 2,2A00-2F9Z
T08391,Terminated,2A83
T08391,Terminated,NE84
T08391,Phase 1,8A40
T08391,Phase 3,8C70
T08391,Approved,3B63
T08391,Approved,FA20
T08499,Phase 2,MG30
T08499,Phase 2,FA25
T08583,Discontinued in Phase 3,3B20
T08735,Approved,CA24
T08735,Approved,GB60-GB6Z
T08743,Phase 2,2A60
T08743,Phase 2,2A37
T08769,Phase 3,2A00-2F9Z
T08856,Terminated,8A40
T08856,Phase 3,FA20
T08898,Approved,5A74
T08910,Discontinued in Phase 1,6B00-6B0Z
T08910,Approved,6A70-6A7Z
T08910,Phase 3,8A61-8A6Z
T08910,Phase 2,DD72
T08922,Terminated,1A00-1C4Z
T08922,Investigative,EA00-EM0Z
T08922,Approved,5A11
T09005,Approved,1D01
T09005,Approved,1C1C
T09058,Phase 1,2A00-2F9Z
T09092,Phase 2,GA10
T09092,Phase 1,DD72
T09092,Phase 2,FA20
T09092,Investigative,EA90
T09092,Phase 3,2C10
T09130,Terminated,8A20
T09130,Investigative,CA23
T09130,Phase 2,CA22
T09130,Approved,9B10
T09130,Approved,DD91
T09130,Discontinued in Phase 3,6D71
T09130,Approved,DA61
T09130,Approved,CA08
T09227,Phase 1/2,5A10
T09227,Phase 2a,5A11
T09347,Phase 2,6D71
T09423,Approved,5A2Y
T09423,Approved,5A11
T09528,Phase 1,4A40
T09538,Approved,8E02
T09538,Approved,1D0Y-1G2Z
T09572,Preclinical,6B00-6B0Z
T09572,Preclinical,6A70-6A7Z
T09572,Investigative,BC81
T09756,Discontinued in Phase 1,2A00-2F9Z
T09826,Approved,1A00-1C4Z
T09826,Clinical trial,2C94
T09826,Phase 2,2A00
T09826,Phase 2,2A37
T09826,Phase 2,2B91
T09826,Phase 2,2A00-2F9Z
T09826,Phase 2,2B70
T09826,Discontinued in Phase 2,2C73
T09826,Phase 2,2C90
T09826,Phase 1,2A80-2A86
T09826,Phase 1,2A85
T09826,Phase 3,2B72
T09909,Approved,BA00-BA04
T09909,Phase 2,8C0Z
T09909,Phase 2,1E91
T09909,Approved,BA04
T09937,Phase 1,5A10
T09937,Phase 2,8E43
T09937,Phase 1,BA40-BA6Z
T09937,Phase 2,2A00-2F9Z
T09960,Phase 2,GB61
T09960,Phase 1,2A00-2F9Z
T09960,Discontinued in Phase 1,CA22
T09960,Discontinued in Phase 1,FA20
T09960,Investigative,5A10
T09960,Terminated,NE84
T10091,Investigative,2A00-2F9Z
T10092,Phase 2,GB04
T10147,Approved,FB85
T10191,Phase 2,CA23
T10191,Phase 2,EA90
T10191,Phase 2,1E30-1E32
T10191,Phase 3,2A80-2A86
T10191,Discontinued in Phase 2,FA20
T10191,Investigative,2A00-2F9Z
T10249,Phase 3,CA23
T10265,Investigative,CA07
T10265,Terminated,5D00
T10265,Discontinued in Phase 1,CA23
T10265,Investigative,EA80
T10265,Terminated,BD4Z
T10265,Discontinued in Phase 1,CA22
T10265,Phase 2,DD70
T10265,Investigative,2A82
T10265,Phase 2,6D71
T10265,Phase 1,6A60-6E23
T10265,Discontinued in Phase 2,8A40
T10265,Discontinued in Phase 1,2B01
T10265,Investigative,CA40
T10265,Discontinued in Phase 2,EA90
T10265,Phase 2,FA20
T10339,Phase 2,8A80
T10339,Phase 1,FA00-FA05
T10339,Phase 1,MG30-MG3Z
T10339,Discontinued in Phase 2,FA20
T10362,Investigative,5A2Y
T10362,Terminated,1A00-1C4Z
T10362,Terminated,2B91
T10362,Approved,GA0Z
T10362,Terminated,1E50-1E51
T10362,Phase 1,1D01
T10362,Phase 2,1F6A
T10362,Terminated,1B10-1B21
T10383,Clinical trial,3B10
T10445,Preclinical,1F29-1F2F
T10482,Clinical trial,8A20
T10491,Discontinued in Phase 2,CA23
T10491,Investigative,2A00-2F9Z
T10513,Discontinued in Phase 1,8B1Z
T10513,Discontinued in Phase 2,8B20
T10513,Discontinued in Phase 2,EA90
T10670,Investigative,5A2Y
T10670,Investigative,5C50-5D2Z
T10735,Phase 3,5C72
T10735,Phase 1,EC90
T10822,Investigative,MG30-MG3Z
T10828,Phase 2,5A10
T10877,Phase 1/2,2A60
T10877,Phase 1,2A37
T10877,Phase 1/2,2A86
T10877,Phase 1/2,2A85
T10877,Approved,2A83
T10877,Investigative,2A00-2F9Z
T10897,Investigative,5A2Y
T10897,Approved,1A00-1C4Z
T10897,Phase 2,5A11
T10965,Phase 1,BD40
T10965,Phase 1,DB61-GB90
T10965,Discontinued in Phase 1,CA23
T10965,Phase 3,BE2Z
T10965,Phase 2,4B24
T10965,Phase 2/3,BA00-BA04
T10965,Discontinued in Phase 2,2A00-2F9Z
T10988,Phase 2,EA90
T11005,Phase 2,1E50-1E51
T11011,Terminated,6B00-6B0Z
T11011,Phase 1,6B82
T11069,Phase 1,2A00-2F9Z
T11072,Phase 2,8A20
T11072,Phase 2,7A00-7A0Z
T11072,Terminated,6A70-6A7Z
T11072,Phase 2,8A61-8A6Z
T11072,Approved,8A80
T11072,Discontinued in Phase 2,6A60-6E23
T11164,Phase 3,FA20
T11211,Phase 2,ED80
T11211,Phase 2,ED70
T11211,Approved,2A60
T11211,Approved,DB94
T11211,Investigative,2C94
T11211,Discontinued in Phase 1,MG20
T11211,Approved,CA22
T11211,Phase 1,QA21
T11211,Discontinued in Phase 2,CA25
T11211,Discontinued in Phase 1,6B60
T11211,Phase 2,5B3Z
T11211,Approved,5C72
T11211,Approved,2C60-2C6Z
T11211,Phase 1,8C70
T11211,Discontinued in Phase 2,MG30-MG3Z
T11211,Investigative,GA90
T11211,Investigative,2A00-2F9Z
T11211,Approved,5A81
T11253,Investigative,2C94
T11253,Investigative,2C73
T11253,Discontinued in Phase 1,FA20
T11283,Phase 3,5A10
T11288,Approved,FA25
T11309,Phase 2,5A2Y
T11309,Discontinued in Phase 1,CA23
T11309,Preclinical,CA22
T11309,Phase 3,GB40
T11309,Preclinical,FA20
T11388,Investigative,CA23
T11388,Patented,2B5Z
T11388,Patented,MG30
T11388,Patented,CA22
T11388,Patented,DE2Z
T11388,Patented,DB93
T11388,Patented,8A40
T11388,Patented,EA90
T11388,Discontinued in Phase 2,2D50-2E2Z
T11388,Investigative,FC0Z
T11388,Patented,MG30-MG3Z
T11388,Patented,FA20
T11448,Approved,6A05
T11448,Phase 1,6A70-6A7Z
T11448,Terminated,BC65
T11448,Approved,6C43
T11448,Phase 2,MG30-MG3Z
T11448,Discontinued in Phase 2,HA00-HA01
T11451,Preclinical,CA23
T11451,Phase 1,4A40-4A45
T11451,Phase 1,2A00
T11451,Phase 3,2B91
T11451,Phase 1,5A10
T11451,Discontinued in Phase 1/2,2A81
T11451,Phase 2,1E50-1E51
T11451,Phase 2,DD72
T11451,Phase 1,1E30-1E32
T11451,Phase 2,2A60-2B33
T11451,Phase 1,2C30
T11451,Phase 1,4A40
T11451,Phase 1,2A82
T11451,Phase 2,2C90
T11451,Phase 2,2A00-2F9Z
T11451,Investigative,1G40-1G41
T11451,Phase 2,CA08
T11487,Phase 1,2D11
T11701,Phase 1,EA80
T11754,Investigative,6B00-6B0Z
T11754,Phase 2,6B04
T11754,Phase 2,6A70-6A7Z
T11754,Investigative,8E43
T11754,Investigative,MG30-MG3Z
T11822,Approved,ED80
T11822,Phase 3,2A00
T11822,Approved,9D45
T11822,Phase 3,2C12
T11822,Discontinued in Phase 3,EA90
T11822,Phase 3,9B71
T11822,Discontinued in Phase 2,2A00-2F9Z
T11843,Approved,GA20-GA21
T11843,Approved,DB61-GB90
T11843,Phase 3,8B1Z
T11843,Approved,3B10
T11843,Approved,BB00
T11843,Approved,BC81
T11911,Clinical trial,8B42
T11947,Phase 3,3B10
T11947,Phase 3,4B24
T11947,Terminated,DB61-GB90
T12119,Discontinued in Phase 2,CA23
T12119,Phase 1,MG30
T12119,Phase 1,8E43
T12119,Discontinued in Phase 2,6B60
T12119,Phase 1,MG30-MG3Z
T12187,Approved,1A00-1C4Z
T12187,Approved,1B10-1B14
T12355,Phase 2,2A82
T12355,Phase 2,2A20
T12355,Phase 1,2A00-2F9Z
T12427,Approved,BA00-BE2Z
T12475,Approved,GA10
T12475,Discontinued in Phase 1,2B70
T12475,Phase 3,2A85
T12475,Approved,5A80
T12475,Phase 2,GA91
T12475,Discontinued in Phase 2,GA90
T12475,Investigative,2A00-2F9Z
T12499,Phase 1,BA00-BE2Z
T12499,Investigative,5A10
T12499,Approved,2A20
T12499,Investigative,2A00-2F9Z
T12646,Phase 1,2A83
T12646,Phase 1,2A00-2F9Z
T12719,Discontinued in Phase 2,1A24-1D9Z
T12808,Approved,8B61
T12808,Phase 2,NE84
T12819,Terminated,BC65
T12819,Approved,1F40-1F45
T12819,Approved,BC71
T12837,Investigative,2A00-2F9Z
T12909,Phase 1,8C70
T12966,Approved,EF20
T13017,Phase 1,4A01-4B41
T13017,Phase 1,2A83
T13057,Phase 1,2A00-2F9Z
T13127,Phase 1/2,2B91
T13127,Phase 2,2A90
T13127,Phase 2,2A37
T13127,Phase 2,2A20
T13127,Phase 1/2,2C10
T13127,Phase 2,1E50-1E51
T13127,Phase 1,2A80-2A86
T13127,Phase 1,2A00-2F9Z
T13201,Approved,9C61
T13201,Phase 3,FA20
T13201,Approved,EA81
T13201,Investigative,2A00-2F9Z
T13251,Phase 2,DD70
T13251,Phase 2,FA20
T13251,Approved,EA90
T13259,Approved,N.A.
T13259,Approved,5B50-5B71
T13260,Discontinued in Phase 2,2C94
T13260,Approved,5A70
T13260,Phase 2,GA10
T13260,Phase 2,8C0Z
T13260,Discontinued in Phase 2,GA91
T13348,Investigative,2A00
T13348,Investigative,2C30
T13348,Phase 1,2A00-2F9Z
T13491,Approved,BA40
T13616,Investigative,2A00-2F9Z
T13629,Patented,2A00-2F9Z
T13644,Terminated,8A20
T13644,Approved,5A70
T13644,Investigative,2B72
T13712,Phase 3,BA00-BE2Z
T13714,Investigative,BD40
T13714,Phase 2,EA80
T13714,Investigative,6A70-6A7Z
T13726,Approved,2B57
T13726,Approved,2B01
T13741,Phase 2,2C10
T13741,Phase 1,2A00-2F9Z
T13852,Phase 1,ED80
T13852,Investigative,BA00-BE2Z
T13852,Phase 2,DD70
T13852,Phase 2,8A40
T13852,Investigative,5A10
T13852,Phase 2,EB21
T13852,Phase 2,DD71
T13852,Investigative,4A01-4B41
T13852,Phase 3,2C12
T13852,Phase 2,EA90
T13852,Phase 1,9B71
T13852,Discontinued in Phase 1,FA20
T13852,Investigative,2A00-2F9Z
T13910,Phase 2,5A10-5A11
T14065,Approved,DD70
T14065,Approved,DD71
T14110,Phase 1,5A11
T14121,Phase 3,1A24-1D9Z
T14143,Phase 3,2B91
T14143,Phase 2/3,2B52
T14143,Phase 2/3,2C30
T14143,Phase 2/3,2C73
T14342,Terminated,1D82
T14342,Phase 3,DB93
T14342,Approved,1E50-1E51
T14342,Terminated,1F00
T14342,Phase 1,1B10-1B21
T14342,Phase 1,2A00-2F9Z
T14342,Phase 2,ND56
T14342,Approved,1A24-1D9Z
T14463,Phase 1,2D11
T14541,Approved,1A04
T14541,Phase 3,1F40-1F45
T14557,Investigative,8E43
T14557,Investigative,DD72
T14558,Discontinued in Phase 2,CA23
T14558,Approved,1F29-1F2F
T14558,Discontinued in Phase 2,DD72
T14558,Approved,2A00-2F9Z
T14582,Approved,1A00-1C4Z
T14582,Approved,1B10-1B14
T14592,Phase 3,2A00
T14592,Phase 3,2C73
T14592,Phase 2,8B1Z
T14592,Phase 1,2A83
T14592,Phase 2,FA20
T14592,Investigative,2A00-2F9Z
T14597,Phase 1/2,2C94
T14597,Phase 1,2A00
T14597,Phase 1/2,2B91
T14597,Phase 1/2,2C73
T14597,Phase 1/2,2C10
T14597,Phase 1/2,2B72
T14597,Phase 1,2C80
T14597,Phase 2,2A00-2F9Z
T14597,Phase 2,2C95-2C9Z
T14597,Phase 2,2A80-2A86
T14597,Phase 2/3,2C14-2C17
T14597,Phase 1,2D50-2E09
T14602,Investigative,BA40
T14602,Approved,8B1Z
T14602,Approved,1G40-1G41
T14602,Approved,3B10
T14602,Phase 3,8B20
T14602,Phase 2,BC81
T14602,Phase 3,3B12
T14676,Phase 3,2A80-2A86
T14731,Phase 2,CA22
T14731,Discontinued in Phase 2,5A11
T14731,Phase 3,FA20
T14731,Phase 3,4A42
T14731,Phase 3,4A44
T14731,Investigative,2A00-2F9Z
T14755,Phase 1,2A86
T14755,Phase 2,5A10
T14755,Terminated,2A81
T14755,Phase 1,4A40
T14755,Phase 1,FA20
T14755,Phase 1,3B64
T14755,Phase 2,2A80-2A86
T14755,Phase 2,2A82
T14755,Phase 2,2A85
T14755,Investigative,2C30
T14755,Phase 1,2A00-2F9Z
T14834,Terminated,CA23
T14834,Phase 1/2,EA80
T14908,Approved,5C50-5D2Z
T14912,Phase 1,2A60
T14912,Phase 1,2A83
T14912,Terminated,CA23
T14912,Investigative,FA20
T14912,Investigative,2A00-2F9Z
T14912,Withdrawn from market,1F8Y
T14945,Terminated,2A00-2F9Z
T15000,Phase 1,2A00-2F9Z
T15000,Investigative,5A10
T15000,Approved,2C30
T15000,Investigative,FA20
T15023,Approved,9B71
T15023,Phase 1,2A00-2F9Z
T15068,Phase 2,2C73
T15068,Phase 1,2C10
T15068,Phase 1,2A00-2F9Z
T15068,Phase 1,BB01
T15117,Phase 2,6A05
T15117,Withdrawn from market,BA00-BE2Z
T15117,Approved,5A70
T15117,Approved,9C61
T15117,Approved,BA00-BA04
T15117,Phase 3,6D71
T15117,Approved,BA21
T15167,Phase 2,4A42
T15197,Investigative,5A02
T15334,Discontinued in Phase 1,BD40
T15334,Phase 2,BA00-BE2Z
T15334,Discontinued in Phase 2,BD4Z
T15334,Discontinued in Phase 2,5C80
T15334,Discontinued in Phase 1,5C80-5C81
T15334,Phase 3,BA41-BA43
T15344,Phase 1,2C30
T15344,Phase 1/2,2A00-2F9Z
T15377,Discontinued in Phase 1,BA00-BA04
T15439,Phase 2,EA80
T15439,Phase 2,4A44
T15439,Discontinued in Phase 1,FA20
T15497,Discontinued in Phase 2,MG30-MG3Z
T15497,Clinical trial,2A00-2F9Z
T15497,Phase 3,DB61-GB90
T15556,Phase 2,CA23
T15556,Terminated,2A00-2F9Z
T15556,Phase 1,DB61-GB90
T15610,Phase 2,2A60
T15610,Phase 2,2A37
T15639,Phase 2,ED80
T15700,Investigative,5A10
T15700,Investigative,2A00-2F9Z
T15739,Phase 2,2A60
T15739,Phase 1,2C94
T15739,Phase 2,2A00
T15739,Phase 2,2C10
T15739,Phase 1,2A00-2F9Z
T15739,Phase 1,2C76
T15739,Phase 1,2C74
T15739,Phase 1,2D42
T15739,Phase 1,2C73
T15739,Phase 1/2,2B91
T15739,Phase 1,2B70
T15739,Phase 1,2A37
T15739,Discontinued in Phase 2,2B6E
T15739,Phase 1,2B59
T15739,Phase 1,2A80-2A86
T15739,Terminated,N.A.
T15739,Phase 3,NE84
T15776,Patented,2D50-2E2Z
T15776,Patented,2A00-2F9Z
T15783,Phase 2,2D42
T15783,Phase 1/2,2A82
T15783,Phase 1,2A00-2F9Z
T15783,Phase 2,FA20
T15784,Phase 2,8A20
T15784,Discontinued in Phase 1,6B60
T15784,Investigative,4A01-4B41
T15784,Phase 2,8B10-8B11
T15795,Phase 2,7A41
T15803,Clinical trial,8A20
T15803,Phase 1,3B10
T15803,Investigative,DB61-GB90
T15867,Phase 1/2,2A60
T15882,Phase 2,BA41-BA43
T16016,Discontinued in Phase 2,CA22
T16016,Phase 2,5A10
T16016,Phase 2,FA20
T16047,Approved,1F6A
T16047,Approved,1F6B
T16117,Phase 2,8A80-8A84
T16117,Phase 2,8A80
T16144,Phase 2,4A40
T16156,Investigative,2A60
T16156,Phase 1,8B20
T16156,Phase 1,BA41-BA43
T16156,Approved,3B64
T16156,Terminated,QB63
T16263,Phase 1,5A10
T16340,Terminated,BD40
T16340,Phase 3,2B91
T16340,Phase 3,1E30-1E32
T16340,Phase 2,FA00-FA05
T16340,Discontinued in Phase 2,FA20
T16347,Phase 1/2,5A2Y
T16347,Phase 1,5A11
T16353,Investigative,2A00-2F9Z
T16422,Discontinued in Phase 3,2A60
T16422,Approved,MD90
T16422,Phase 2,2A00-2F9Z
T16514,Phase 2,2A00
T16514,Phase 1,2A00-2F9Z
T16514,Preclinical,1F29-1F2F
T16514,Phase 3,DB93
T16514,Phase 3,1B10-1B21
T16514,Approved,MG43
T16601,Phase 1,2A60
T16601,Phase 1,2A00
T16601,Discontinued in Phase 1/2,2B91
T16601,Phase 1,2C10
T16601,Phase 1,2B72
T16601,Phase 1,2D91
T16601,Investigative,2A00-2F9Z
T16601,Phase 1,2D10
T16633,Terminated,8A20
T16633,Approved,5A70
T16633,Approved,2B72
T16688,Discontinued in Phase 1,5A2Y
T16688,Phase 3,1E50-1E51
T16688,Phase 3,5C80
T16688,Terminated,5A11
T16691,Discontinued in Phase 2,8A20
T16691,Discontinued in Phase 2,6B00-6B0Z
T16691,Phase 2,6D71
T16691,Phase 2,6B60
T16691,Patented,6A05
T16691,Investigative,MD90
T16691,Phase 1,8A20-8A23
T16691,Phase 2/3,6A20
T16731,Preclinical,1F29-1F2F
T16738,Phase 1,8B60
T16739,Phase 1/2,2A60
T16739,Phase 2,2A37
T16739,Phase 1/2,2A20
T16739,Phase 1,2A00-2F9Z
T16761,Approved,CA40
T16769,Phase 1,2A60
T16769,Phase 1/2,2A80-2A86
T16769,Phase 2,2A00-2F9Z
T16769,Phase 1/2,2C73
T16792,Approved,5A02
T16868,Phase 2,2A00-2F9Z
T16888,Phase 2,EB41
T16888,Phase 2,EA90
T16888,Phase 2,DD71
T16987,Approved,1A00-1C4Z
T16987,Approved,EA81
T16987,Investigative,2A00-2F9Z
T17003,Phase 3,DD70
T17003,Approved,1B10-1B14
T17003,Approved,1B10-1B21
T17048,Phase 2,2A00-2F9Z
T17140,Phase 2,MD12
T17140,Phase 1,GA10
T17140,Phase 1,BA00-BA04
T17140,Investigative,MG30-MG3Z
T17163,Approved,5A2Y
T17163,Investigative,8A20
T17163,Investigative,MG20
T17163,Investigative,2A00-2F9Z
T17234,Phase 3,1D82
T17248,Phase 1,5A2Y
T17248,Phase 2,2D50-2E2Z
T17248,Phase 2,8A40
T17248,Phase 1,5A11
T17345,Phase 3,1A00-1C4Z
T17345,Phase 2,2C94
T17345,Approved,DD72
T17345,Phase 2,FA20
T17345,Approved,2A00-2F9Z
T17345,Approved,GC08
T17367,Preclinical,CA00
T17427,Phase 1/2,DB61-GB90
T17448,Approved,1F40-1F45
T17448,Phase 2,2A00-2F9Z
T17502,Phase 3,1F00
T17502,Phase 1/2,9B70
T17502,Phase 1/2,9D90
T17502,Phase 2,9B71
T17514,Phase 1,2C73
T17569,Approved,BA40
T17569,Phase 1,BC9Z
T17569,Investigative,BC81
T17569,Phase 1,MG30-MG3Z
T17687,Phase 1,2A00-2F9Z
T17687,Phase 2,2C12
T17687,Phase 4,2A80-2A86
T17687,Phase 1/2,2A83
T17687,Investigative,2B6B
T17710,Phase 3,5A10
T17758,Clinical trial,BC45
T17758,Phase 1/2,8B1Z
T17758,Approved,3B14
T17758,Clinical trial,BA6Z
T17758,Clinical trial,ND56
T17758,Approved,BA41-BA43
T17758,Phase 3,DB61-GB90
T17758,Discontinued in Phase 1/2,2A00-2F9Z
T17852,Investigative,8A20
T17852,Phase 2,6A20
T17852,Phase 1,3A51
T17852,Phase 2,GA0Z-GC8Z
T17852,Investigative,6D71
T17967,Terminated,5A2Y
T17980,Approved,2A20
T17980,Phase 1,2A00-2F9Z
T17986,Phase 1,2A60
T17986,Phase 1,2A85
T18059,Phase 1,5A10
T18299,Investigative,6B00-6B0Z
T18299,Phase 2,FA20
T18477,Approved,CA07
T18477,Discontinued in Phase 3,5A10
T18477,Phase 1,8E47
T18477,Phase 1,2A82
T18477,Phase 1,2B72
T18477,Phase 1,2A85
T18477,Phase 1,2C73
T18477,Phase 1,2C30
T18477,Phase 2,2A83
T18477,Phase 2,2A00-2F9Z
T18477,Phase 1,8C0Z
T18477,Discontinued in Phase 2,2C90
T18477,Discontinued in Phase 2,ND56
T18477,Terminated,CA08
T18551,Patented,2A00-2F9Z
T18632,Phase 2,EE00
T18639,Discontinued in Phase 3,BD4Z
T18639,Phase 2,BA80
T18664,Phase 1,8E43
T18779,Phase 1,2A60
T18779,Phase 1,2A37
T18779,Phase 1/2,2A00-2F9Z
T18779,Phase 2/3,6A60
T18779,Phase 1/2,2A00
T18779,Phase 1/2,2B91
T18779,Phase 1/2,2B72
T18779,Phase 1/2,2C12
T18779,Phase 1/2,2C10
T18779,Phase 1/2,2B70
T18779,Phase 1/2,2A83
T18876,Phase 2,CA23
T18876,Investigative,9C61
T18876,Phase 2,8A80
T18876,Investigative,FA00-FA05
T18876,Phase 1,MG30-MG3Z
T18876,Phase 1,2B92
T18876,Clinical trial,2A00-2F9Z
T18876,Phase 2,QB63
T18876,Investigative,DD71
T18876,Discontinued in Phase 2,ND56
T18950,Phase 2,2A00-2F9Z
T18972,Phase 1,2B91
T18972,Phase 3,5A10
T18972,Phase 3,2C30
T18972,Phase 1,2C11
T18972,Phase 1,2A00-2F9Z
T19011,Investigative,2A00-2F9Z
T19229,Approved,2A60-2B33
T19229,Approved,5B50-5B71
T19244,Approved,1A00-1C4Z
T19368,Clinical trial,3B10
T19414,Approved,GA20-GA21
T19414,Discontinued in Phase 2,BA00-BE2Z
T19414,Phase 2,BD4Z
T19414,Preclinical,1D2Z
T19414,Phase 3,NA00-ND5Z
T19414,Approved,EL8Y
T19414,Phase 2,CA02-CB40
T19433,Phase 2,8A20
T19433,Approved,1F70-1F86
T19556,Investigative,FA20
T19556,Phase 2,4A42
T19579,Phase 1/2,2C94
T19579,Phase 1/2,2B91
T19579,Phase 1/2,2C30
T19579,Phase 1/2,2C90
T19579,Phase 2,2A60-2C35
T19579,Phase 1,2A00-2F9Z
T19579,Phase 2,2A00
T19579,Phase 1,2D42
T19615,Approved,3A70
T19693,Phase 2,BA40
T19693,Approved,BB01
T19760,Phase 2/3,CA23
T19852,Phase 1,2A00-2F9Z
T20178,Approved,BD40
T20178,Phase 2,EA80
T20178,Phase 2,EA90
T20178,Discontinued in Phase 3,DD70
T20178,Phase 2,5A10
T20178,Phase 3,2B70
T20178,Phase 2,1F00
T20178,Phase 1,DD72
T20178,Phase 1,DD71
T20178,Terminated,1A40
T20178,Preclinical,8B60
T20178,Approved,2A83
T20178,Phase 1,FA00-FA05
T20178,Approved,DC31-DC34
T20178,Phase 2,CA40
T20178,Phase 1/2,FA20
T20178,Phase 2,FA21
T20178,Discontinued in Phase 3,1G40-1G41
T20178,Phase 1,2A00-2F9Z
T20178,Phase 3,4A42
T20178,Discontinued in Phase 1/2,CA08
T20251,Terminated,BA40
T20251,Discontinued in Phase 2,BC9Z
T20251,Investigative,BC65
T20251,Phase 1,1F40-1F45
T20251,Phase 2,8A40
T20251,Investigative,2C73
T20251,Phase 2,MG30-MG3Z
T20251,Phase 3,7A00-7B2Z
T20278,Discontinued in Phase 2,1A24-1D9Z
T20297,Terminated,BD52
T20297,Approved,GA20-GA21
T20297,Phase 2,CA25
T20297,Phase 2,BA41-BA43
T20297,Approved,DC31-DC34
T20297,Discontinued in Phase 3,2A00-2F9Z
T20297,Terminated,DB61-GB90
T20297,Preclinical,NE84
T20331,Preclinical,5A2Y
T20331,Preclinical,6B82
T20331,Terminated,1F29-1F2F
T20331,Investigative,6A70-6A7Z
T20333,Phase 1,2F7B
T20333,Phase 1/2,5A10
T20333,Phase 1,FA2Z
T20333,Phase 1,2A00-2F9Z
T20333,Phase 1,2C10
T20401,Approved,1A00-1C4Z
T20401,Approved,BA00
T20401,Approved,9C61
T20401,Approved,7A00-7A0Z
T20401,Phase 3,FA20
T20401,Approved,EA81
T20401,Investigative,2A00-2F9Z
T20474,Phase 3,BD54
T20474,Phase 2,1F29-1F2F
T20474,Phase 3,2C73
T20514,Approved,ED80
T20575,Discontinued in Phase 1,EA90
T20578,Discontinued in Phase 1,MG30-MG3Z
T20709,Approved,CA23
T20709,Investigative,6A05
T20709,Approved,9C61
T20709,Approved,MD90
T20710,Approved,2A60-2B33
T20710,Phase 2,2A90
T20710,Phase 2,2B01
T20761,Patented,FB86
T20761,Patented,BE2Z
T20761,Patented,5C50-5D2Z
T20761,Patented,GA14-GC01
T20761,Patented,8A20-8A23
T20761,Approved,2B91
T20761,Phase 1,2C74
T20761,Phase 1,2C73
T20761,Patented,9B71
T20761,Patented,2A00-2F9Z
T20761,Patented,8B10
T20761,Phase 1,2A80-2A86
T20761,Patented,9B75
T20761,Phase 1/2,8B61
T20761,Phase 2,FA20
T20761,Patented,2B72
T20761,Patented,1A24-1D9Z
T20796,Phase 1/2,CA23
T20796,Approved,1F40-1F45
T20796,Phase 2,8B60
T20808,Approved,2A60
T20808,Phase 1,2A00
T20808,Phase 3,2A41
T20891,Phase 1,2A80-2A86
T20891,Investigative,2A00-2F9Z
T20958,Investigative,6B60
T20978,Phase 2,1E30-1E32
T20978,Phase 1,2A00-2F9Z
T21112,Approved,2A60
T21112,Phase 1/2,2A85
T21112,Phase 2,2A00-2F9Z
T21112,Approved,1B72
T21112,Approved,2A82
T21123,Phase 2,5A75
T21123,Phase 2,2A00
T21123,Phase 1,2A00-2F9Z
T21307,Investigative,5A10
T21307,Investigative,GA14-GC01
T21307,Phase 1,2A00-2F9Z
T21312,Phase 1,2A00-2F9Z
T21324,Discontinued in Preregistration,BA40
T21324,Discontinued in Phase 2,CA23
T21334,Phase 1,2D50-2E2Z
T21351,Phase 2,FA20
T21434,Phase 1,8E43
T21447,Approved,CA00
T21617,Phase 1,2C12
T21617,Phase 1,2A00-2F9Z
T21617,Phase 3,4A40
T21669,Phase 2,2A37
T21669,Phase 3,2A00-2F9Z
T21689,Terminated,9C61
T21689,Phase 1/2,5C80
T21782,Discontinued in Phase 1,9B70-9B7Z
T21865,Phase 2,BA41-BA43
T21865,Phase 2,FA21
T21945,Approved,MG31
T21945,Phase 2,2D11
T21945,Phase 2,2B72
T21945,Approved,6A05
T21945,Approved,6A70-6A7Z
T21945,Approved,MG30
T21945,Phase 3,8E43
T21945,Discontinued in Phase 1,6B60
T21945,Phase 2,MG22
T21945,Phase 2,9C61
T21945,Approved,8A80
T21945,Phase 3,6D71
T21945,Discontinued in Phase 2,6A60-6E23
T21945,Phase 1,BA21
T21945,Phase 2,MG30-MG3Z
T21945,Phase 2,DA43-DA4Y
T21960,Phase 3,8E43
T21960,Phase 2,2B91
T21960,Phase 1,2A00-2F9Z
T22032,Phase 1,ED70
T22032,Investigative,5B3Z
T22032,Discontinued in Phase 2,EA90
T22095,Phase 2,ED80
T22095,Phase 1,2A83
T22095,Phase 1,EA90
T22095,Phase 1,2A00-2F9Z
T22095,Phase 2,FA21
T22095,Phase 2,FA20
T22118,Approved,JA00
T22118,Discontinued in Phase 1,9C61
T22118,Approved,BA00-BA04
T22118,Discontinued in Phase 2,6D71
T22118,Discontinued in Phase 2,MG30-MG3Z
T22118,Discontinued in Phase 1,6A20-6A25
T22118,Phase 3,6A20
T22118,Phase 2,HA00-HA01
T22118,Terminated,5A11
T22118,Terminated,6C4Z
T22128,Phase 3,5A10
T22212,Approved (orphan drug),3B64
T22274,Phase 1/2,5A10
T22274,Investigative,2A83
T22274,Investigative,2A00-2F9Z
T22285,Terminated,8A20
T22285,Terminated,8B1Z
T22285,Phase 1,6B60
T22285,Discontinued in Phase 2,8A61-8A6Z
T22285,Phase 2,LD55
T22285,Terminated,8A20-8A23
T22285,Approved,5B50-5B71
T22302,Investigative,8A61-8A6Z
T22348,Approved,1A00-1C4Z
T22348,Approved,CA20
T22348,Terminated,1F29-1F2F
T22348,Approved,9C61
T22348,Approved,1B72
T22348,Phase 3,AA80-AB0Z
T22348,Phase 3,CA40
T22348,Approved,CA07-CA4Z
T22348,Terminated,1B5Y
T22348,Approved,GC08
T22350,Phase 3,2B56
T22415,Phase 1,1B92
T22583,Investigative,5A2Y
T22583,Discontinued in Phase 3,FA25
T22583,Phase 2,5A11
T22583,Phase 2,5A10-5A11
T22608,Phase 2,BD4Z
T22655,Phase 2,CA22
T22655,Phase 2,DD72
T22655,Phase 1,2A00-2F9Z
T22655,Phase 2,DD71
T22655,Phase 2,DD70
T22658,Phase 1,5A10
T22658,Phase 1,2A00-2F9Z
T22658,Phase 2,2C30
T22658,Approved,MG30-MG3Z
T22778,Phase 1,N.A.
T22839,Approved,5C5A
T22839,Approved,CA20
T22839,Terminated,CA22
T22839,Phase 3,DD70
T22839,Phase 3,8A40
T22839,Phase 3,FA21
T22839,Phase 3,EB21
T22839,Phase 3,FA20
T22839,Phase 3,DD71
T22839,Terminated,CA25
T22839,Terminated,CA21
T22939,Approved,QA21
T22939,Phase 2,2C76
T22939,Discontinued in Phase 3,GA10
T22939,Investigative,GA6Z
T22939,Approved,JB00
T22939,Approved,2A00-2F9Z
T22977,Terminated,8B1Z
T22977,Phase 2,8B11
T22977,Phase 3,6B60
T22977,Phase 1/2,EA80-EA89
T22977,Terminated,NA00-NA0Z
T22977,Investigative,8B60
T22977,Preclinical,8A40
T22977,Phase 2,BA41-BA43
T22977,Terminated,8A20-8A23
T22977,Phase 2,2A00-2F9Z
T22995,Phase 1,3A00-3A9Z
T23003,Phase 2,2B91
T23003,Approved,2C30
T23003,Phase 3,2D10
T23003,Phase 2,EA90
T23003,Discontinued in Phase 1,2A00-2F9Z
T23036,Preclinical,1A00-1A09
T23036,Phase 2,1A00-1C4Z
T23036,Phase 2,1B5Y
T23145,Approved,5A70
T23172,Phase 1,EA80
T23172,Phase 2,2A86
T23172,Phase 2,CA23
T23172,Phase 1,DD70
T23172,Phase 1,EC90
T23172,Phase 1,EA90
T23172,Investigative,5A10
T23172,Terminated,2A83
T23172,Terminated,NE84
T23172,Approved,FA20
T23276,Phase 1,BD52
T23276,Phase 1,2C10
T23276,Phase 1/2,2A00-2F9Z
T23347,Terminated,4A01-4B41
T23347,Discontinued in Phase 2,FA20
T23348,Terminated,2A00-2F9Z
T23348,Phase 3,3B64
T23348,Phase 1,DB61-GB90
T23348,Phase 3,3B12
T23355,Discontinued in Phase 3,BA00-BE2Z
T23355,Discontinued in Phase 3,BD4Z
T23459,Approved,1F00
T23471,Discontinued in Phase 1,CA22
T23471,Discontinued in Phase 1,8A40
T23499,Discontinued in Phase 2,BC9Z
T23499,Approved,BA00-BE2Z
T23499,Discontinued in Phase 2,GB61
T23499,Terminated,BA41-BA42
T23499,Phase 2,BA00-BA04
T23499,Discontinued in Phase 1,BA20-BA21
T23499,Investigative,JB00
T23499,Approved,BB01
T23499,Discontinued in Phase 1,2A00-2F9Z
T23499,Discontinued in Phase 1,ND56
T23499,Phase 2/3,MF8Y
T23547,Phase 2,6B00-6B0Z
T23547,Phase 3,8E43
T23547,Discontinued in Phase 1,MG30
T23547,Approved,MD12
T23547,Phase 2,1E50-1E51
T23547,Phase 2,1E30-1E32
T23547,Preclinical,DD91
T23547,Approved,6C43
T23547,Approved,MG30-MG3Z
T23547,Phase 2/3,EC90
T23547,Terminated,6A20-6A25
T23666,Phase 2,EA80
T23666,Phase 2,EA90
T23666,Approved,3B64
T23673,Phase 2,5A10
T23673,Phase 1,2A00-2F9Z
T23714,Terminated,CA23
T23714,Discontinued in Phase 2,2A00
T23714,Phase 2,FA00-FA05
T23714,Terminated,MG30-MG3Z
T23714,Discontinued in Phase 2,FA20
T23714,Phase 2,1G40-1G41
T23714,Investigative,2A00-2F9Z
T23761,Approved,1F40-1F45
T23761,Phase 3,FA21
T23761,Phase 3,FA20
T23787,Phase 1,2A00-2F9Z
T23953,Phase 1,2C10
T23953,Phase 1/2,2B72
T23953,Phase 1,2A00-2F9Z
T23995,Phase 2,NE84
T24211,Approved,HA00-HA01
T24373,Approved,5C51-5C57
T24587,Phase 3,2A60-2C35
T24626,Phase 1,1B92
T24634,Approved,1A00-1C4Z
T24793,Phase 3,8A20
T24793,Discontinued in Phase 2,6B60
T24793,Terminated,BC65
T24793,Terminated,ND56
T24836,Discontinued in Phase 1,BA00-BE2Z
T24836,Phase 2,8B1Z
T24836,Phase 2,8B11
T24836,Approved,2E81-2F2Y
T24982,Phase 2,LB20
T24982,Phase 2,5C58
T24982,Phase 2,5C80
T24982,Phase 2,EC90
T24982,Phase 2,5A11
T24983,Phase 1,8A20
T24983,Phase 1,6A05
T24983,Phase 1,6A60
T24983,Phase 1,6A70-6A7Z
T24983,Phase 2,6A20
T24983,Discontinued in Phase 2,6A20-6A25
T24983,Discontinued in Phase 2,HA00-HA01
T25005,Patented,4A40-4A45
T25005,Patented,2A00-2F9Z
T25005,Phase 1,2A86
T25005,Phase 1,2A82
T25005,Phase 1,FA20
T25005,Investigative,5A10
T25005,Phase 2,2A80
T25005,Phase 1,4A40
T25005,Phase 2,8A40
T25005,Phase 3,2A85
T25005,Phase 2,EB40
T25076,Discontinued in Phase 2,6B60
T25163,Approved,5C50
T25163,Approved,BD74-BD75
T25258,Discontinued in Phase 3,2A60
T25258,Discontinued in Phase 2,2D11
T25258,Phase 1,1A00-1C4Z
T25258,Approved,2C73
T25258,Discontinued in Phase 1,2A00-2F9Z
T25265,Phase 1,2A60
T25265,Phase 1,2A85
T25265,Phase 1/2,2A86
T25265,Phase 2,2A00
T25265,Phase 1/2,2A81
T25265,Phase 1/2,2A00-2F9Z
T25265,Phase 1,2B5A
T25307,Phase 1,4A40-4A45
T25307,Phase 2,EA90
T25307,Phase 1,DD70
T25307,Phase 2,2A00-2F9Z
T25307,Phase 1,8A40
T25315,Investigative,5A10
T25315,Discontinued in Phase 2,EA90
T25315,Investigative,FA20
T25317,Phase 2,FA20
T25464,Approved,EA80
T25464,Approved,EA90
T25464,Approved,NE84
T25537,Phase 2,ED56
T25537,Phase 1,2A00-2F9Z
T25608,Phase 2,5A2Y
T25608,Investigative,5A11
T25663,Phase 2,BC9Z
T25663,Approved,CA22
T25663,Terminated,BA00-BA04
T25663,Phase 2,2A00-2F9Z
T25698,Phase 1/2,1B92
T25698,Phase 2,CA40
T25703,Phase 2,KA87
T25726,Clinical trial,2C12
T25726,Phase 2,2D80
T25726,Phase 1,2A00-2F9Z
T25847,Approved,5B50-5B71
T25889,Investigative,2A00-2F9Z
T26203,Terminated,DD72
T26203,Phase 3,1A40
T26203,Phase 1,2A83
T26203,Terminated,EA90
T26203,Approved,9E1Z
T26220,Phase 2,8A20
T26220,Investigative,DA63
T26220,Phase 2,1E50-1E51
T26220,Phase 3,2C30
T26220,Phase 3,2B72
T26220,Discontinued in Phase 2,6D71
T26220,Discontinued in Phase 2,MG30-MG3Z
T26226,Phase 1,2C74
T26226,Phase 1,2C73
T26226,Phase 1,2A00-2F9Z
T26327,Phase 1,6B60
T26368,Phase 2,8A20
T26368,Phase 2,6D71
T26368,Phase 1,6A02
T26368,Phase 2,DD72
T26368,Approved,PC91
T26463,Discontinued in Phase 1,1A24-1D9Z
T26500,Investigative,CA23
T26500,Phase 2,EA80
T26500,Phase 2,EA90
T26500,Terminated,6D71
T26500,Phase 2,FA20
T26500,Phase 2,CA08
T26623,Discontinued in Phase 2,5A2Y
T26623,Discontinued in Phase 3,FA25
T26623,Terminated,9B10
T26623,Phase 1,9C61
T26623,Discontinued in Phase 2,2D42
T26623,Approved,8C0Z
T26623,Approved,FA20
T26623,Phase 1,6A20
T26623,Phase 2/3,DB61-GB90
T26851,Phase 2,9B71
T27021,Phase 4,8B1Z
T27021,Terminated,FA20
T27021,Discontinued in Phase 2,2A00-2F9Z
T27106,Phase 2,EA90
T27106,Discontinued in Phase 2,2A00-2F9Z
T27137,Discontinued in Phase 3,8A20
T27137,Preclinical,8B1Z
T27137,Terminated,6B60
T27137,Discontinued in Phase 1,8E43
T27137,Preclinical,MG30-MG3Z
T27137,Discontinued in Phase 2,6A20
T27198,Phase 1,1A00-1C4Z
T27265,Approved,ED80
T27265,Discontinued in Phase 2,ED70
T27265,Phase 1/2,ED72
T27265,Phase 3,GA90
T27265,Discontinued in Phase 1,GA91
T27376,Terminated,6B00-6B0Z
T27376,Approved,6A70-6A7Z
T27376,Phase 2,8A61-8A6Z
T27376,Discontinued in Phase 1,8E43
T27376,Approved,7A00-7A0Z
T27445,Approved,1A00-1C4Z
T27495,Approved,1E70
T27602,Discontinued in Phase 1,CA23
T27602,Discontinued in Phase 2,EA80
T27602,Phase 2,3B10
T27602,Phase 1/2,1G40-1G41
T27602,Terminated,BA20-BA21
T27602,Approved,2A83
T27602,Phase 3,JB00
T27602,Investigative,2A00-2F9Z
T27611,Phase 1,9B75
T27770,Phase 3,BC65
T27770,Phase 3,BA40-BA6Z
T27812,Phase 3,8A20
T27812,Approved,6B00-6B0Z
T27812,Approved,6A05
T27812,Discontinued in Phase 2,6A70-6A7Z
T27812,Approved,MG30
T27812,Phase 1,MD90
T27812,Phase 1,FB56
T27812,Phase 3,8E43
T27812,Approved,MD12
T27812,Phase 3,7A00-7A0Z
T27812,Phase 3,6A20
T27812,Discontinued in Phase 1,6B60
T27812,Approved,8A80
T27812,Discontinued in Phase 2,6A60-6E23
T27812,Phase 1,BA21
T27812,Phase 2,MG30-MG3Z
T27812,Investigative,2A00-2F9Z
T27812,Approved,MG43
T27861,Phase 1,2A00
T27861,Phase 1,2A81
T27861,Phase 1,2C12
T27861,Phase 1,2A80-2A86
T27861,Phase 1,2A82
T27861,Phase 1,2A83
T27861,Phase 1,2A00-2F9Z
T27861,Phase 2,4A40
T27889,Phase 1/2,5A2Y
T27889,Phase 1,BB01
T27889,Discontinued in Phase 1,5A11
T27918,Phase 1,2A00-2F9Z
T27944,Investigative,5A2Y
T27944,Discontinued in Phase 2,6A20
T27999,Approved,1B97
T27999,Phase 1,1A00-1C4Z
T27999,Discontinued in Phase 1,1G40-1G41
T28043,Preclinical,2A82
T28076,Phase 3,BA40
T28076,Phase 3,BA41-BA42
T28076,Approved,MG30
T28076,Approved,GC00
T28213,Phase 2,JA00
T28213,Phase 1,5A2Y
T28217,Phase 1,2B01
T28265,Phase 2,5C5A
T28265,Phase 1,CA22
T28265,Phase 1,CA25
T28265,Phase 2,6A70-6A7Z
T28265,Phase 2,5A10
T28265,Approved,CA21
T28330,Preclinical,6B82
T28330,Terminated,GC01
T28330,Discontinued in Phase 2,DE2Z
T28330,Terminated,MD92
T28330,Phase 2,1E30-1E32
T28330,Discontinued in Phase 2,2C10
T28330,Discontinued in Phase 1,DC30-DC3Z
T28385,Phase 1,FA20
T28413,Phase 2,2A60
T28413,Phase 1,2A00
T28413,Phase 2,2A37
T28481,Phase 2,4A40
T28484,Phase 2,2A60
T28484,Phase 2,2D42
T28484,Phase 2,2C73
T28484,Phase 2,2C90
T28484,Phase 2,2A00-2F9Z
T28484,Phase 1,2A80-2A86
T28484,Phase 2,2A83
T28532,Discontinued in Phase 3,EA90
T28658,Approved,1F40-1F45
T28661,Approved,2A00-2F9Z
T28692,Approved,5C80
T28713,Discontinued in Phase 1,2A00-2F9Z
T28722,Investigative,8A20
T28722,Approved,6B00-6B0Z
T28722,Approved,8A61-8A6Z
T28722,Approved,6A70-6A7Z
T28722,Phase 3,LD55
T28722,Investigative,8E43
T28722,Approved,7A00-7A0Z
T28722,Approved,PC91
T28722,Phase 3,8B20
T28722,Approved,MB24
T28722,Phase 2,8A20-8A23
T28722,Discontinued in Phase 1,MG30-MG3Z
T28722,Investigative,6B01
T28746,Phase 2,BD40
T28746,Phase 2,EA90
T28848,Approved,1F00
T28869,Approved,GC08
T28887,Investigative,2A00-2F9Z
T28893,Discontinued in Phase 2,8A20
T28893,Phase 1,6D71
T28893,Discontinued in Phase 2,CA22
T28893,Phase 1,5C80-5C81
T28893,Phase 1,6A20
T28893,Phase 1,2A00-2F9Z
T28893,Investigative,6B60
T28893,Approved,8A02
T28893,Approved,DA60
T28893,Approved,EE00
T28893,Phase 1,8E43
T28893,Approved,9C61
T28893,Discontinued in Phase 2,DD72
T28893,Approved,DD91
T28893,Phase 1,8C0Z
T28893,Approved,DA61
T28893,Phase 2,6A21
T28925,Approved,2A60
T28925,Discontinued in Phase 1,1E50-1E51
T28925,Discontinued in Phase 1,DD72
T28925,Phase 2,2A00-2F9Z
T28925,Approved,NE84
T28993,Approved,GB04
T29064,Approved,4A42
T29130,Phase 1,2A00
T29130,Phase 1,2A00-2F9Z
T29130,Phase 2,4A01-4B41
T29130,Phase 1/2,2C12
T29130,Phase 1/2,2A82
T29130,Phase 1/2,2A83
T29130,Approved,EA90
T29130,Phase 1,DD71
T29143,Phase 1,CA23
T29143,Phase 2,DD71
T29143,Phase 3,EA80
T29143,Phase 2,4A42
T29143,Phase 2,CA08
T29144,Phase 1,2A00-2F9Z
T29303,Discontinued in Phase 2,5A2Y
T29303,Approved,BA40
T29303,Approved,1A00-1C4Z
T29303,Discontinued in Phase 3,6A60
T29303,Discontinued in Phase 1,BC9Z
T29303,Terminated,BA00-BE2Z
T29303,Terminated,8B1Z
T29303,Terminated,8B11
T29303,Phase 2,MD12
T29303,Phase 1/2,CA25
T29303,NDA filed,5A10
T29303,Discontinued in Phase 2,6B60
T29303,Phase 3,8A02
T29303,Phase 3,8A61-8A6Z
T29303,Phase 2,EG00
T29303,Phase 2,FA00-FA05
T29303,Phase 3,8E43
T29303,Approved,BC65
T29303,Phase 1,BC81
T29303,Terminated,8B10-8B11
T29303,Phase 2,5C50
T29303,Approved,8A80
T29303,Phase 1,8C0Z
T29303,Approved,MG30-MG3Z
T29303,Approved,JA43
T29303,Approved,1G04
T29303,Phase 1,6A20
T29303,Phase 3,2B72
T29303,Phase 2,ND56
T29339,Phase 1,1E50-1E51
T29500,Approved,6A05
T29500,Approved,MG30-MG3Z
T29500,Terminated,BC65
T29500,Approved,BA00-BA04
T29649,Discontinued in Phase 1,CA23
T29649,Phase 1,1A00-1C4Z
T29649,Discontinued in Phase 2,BA00-BE2Z
T29683,Investigative,CA23
T29683,Investigative,8A04-8D87
T29683,Phase 2,8B11
T29683,Phase 2,8A61-8A6Z
T29683,Discontinued in Phase 2,CA22
T29683,Terminated,6A70-6A7Z
T29683,Discontinued in Phase 2b,6A21
T29683,Discontinued in Phase 2b,6A20
T29683,Discontinued in Phase 2,DD91
T29683,Discontinued in Phase 1,6A20-6A25
T29736,Phase 1,EC3Z
T29741,Phase 2,GA14-GC01
T29754,Discontinued in Phase 2,FA20
T29879,Discontinued in Phase 1,CA23
T29879,Discontinued in Phase 1,8A40
T29879,Phase 1,9B71
T29879,Discontinued in Phase 2,CA08
T29960,Phase 1,2A60
T29960,Phase 1/2,2A60-2B33
T29999,Discontinued in Phase 2,BA00-BE2Z
T29999,Approved,5C72
T30014,Phase 1,1G40-1G41
T30014,Approved,QB63
T30014,Approved,N.A.
T30040,Approved,2B91
T30081,Approved,2A60
T30081,Phase 1,BD40
T30081,Phase 1,BA00-BE2Z
T30081,Discontinued in Phase 3,2A00
T30081,Preregistration,4B24
T30081,Phase 3,2C10
T30081,Phase 1,2A00-2F9Z
T30081,Phase 3,1E91
T30082,Approved,8A20
T30082,Phase 2,6D71
T30082,Approved,9C61
T30082,Approved,8C6Y
T30082,Investigative,8A20-8A23
T30082,Approved,DD90
T30082,Phase 1,MG30-MG3Z
T30082,Phase 3,1F90
T30082,Discontinued in Phase 2,2A00-2F9Z
T30082,Approved,NE6Z
T30082,Discontinued in Phase 2,GC2Z
T30085,Discontinued in Phase 2,5A2Y
T30085,Phase 3,BA00-BE2Z
T30085,Phase 3,5A10
T30085,Phase 3,5A11
T30085,Phase 2,5A10-5A11
T30208,Phase 1,8B1Z
T30372,Investigative,1F40-1F45
T30372,Approved,1F90
T30374,Approved,8A61-8A6Z
T30418,Phase 1,8A20
T30418,Phase 2,2C73
T30418,Phase 1,2C94
T30418,Approved,2A60-2B33
T30418,Phase 1,2A80-2A86
T30418,Phase 1,2A00-2F9Z
T30418,Phase 3,2C10
T30520,Phase 3,1A00-1C4Z
T30520,Approved,1A04
T30520,Approved,1B10-1B14
T30563,Terminated,CA23
T30563,Discontinued in Phase 1,DD72
T30563,Discontinued in Phase 1,2C90
T30635,Phase 2,DD70
T30635,Phase 2,DD71
T30635,Phase 2,5A10
T30635,Phase 2,4A01-4B41
T30635,Phase 2,DD72
T30653,Approved,1A00-1C4Z
T30687,Investigative,BD40
T30687,Phase 1,DD72
T30687,Phase 1,8A40
T30687,Phase 2,8C70
T30687,Phase 1,FA20
T30687,Phase 1,2A00-2F9Z
T30687,Phase 1,5A11
T30784,Phase 2,2A00-2F9Z
T30802,Discontinued in Phase 2,MG30-MG3Z
T30803,Investigative,CA23
T30803,Investigative,BE2Z
T30803,Investigative,DD72
T30817,Preclinical,1E50-1E51
T30823,Terminated,CA23
T30823,Terminated,2A00-2F9Z
T30834,Discontinued in Phase 1,BA00-BA04
T30834,Terminated,5A11
T30926,Phase 2,2A60
T30926,Phase 2,2A85
T30926,Phase 2,2A37
T30926,Phase 2,2A20
T30938,Phase 2,2D42
T30938,Discontinued in Phase 1,1E50-1E51
T30938,Registered,1E30-1E32
T30940,Phase 1/2,5A10
T30956,Approved,1B97
T30956,Phase 1/2,8C0Z
T30985,Discontinued in Phase 2,DA63
T30985,Discontinued in Phase 1,DA60
T30985,Approved,DA22
T30985,Approved,DD90
T30985,Terminated,MG30-MG3Z
T30985,Approved,DA61
T30985,Discontinued in Phase 3,DD71
T31133,Approved,5C76
T31204,Discontinued in Phase 3,6B00-6B0Z
T31204,Withdrawn from market,BA80
T31204,Approved,6A70-6A7Z
T31204,Investigative,DD91
T31204,Discontinued in Phase 1,8A80
T31204,Approved,6A20-6A25
T31204,Phase 2,BB01
T31230,Approved,8D64
T31230,Approved,1F90
T31230,Approved,1F6Y
T31230,Approved,1F6G
T31299,Phase 1,2C12
T31309,Phase 1,2A80
T31309,Phase 1,2A85
T31309,Phase 1,2A00-2F9Z
T31309,Approved,2A82
T31309,Phase 2,2A20
T31309,Phase 3,2C30
T31309,Phase 3,2A83
T31309,Approved,8B60
T31309,Phase 1,EA90
T31329,Phase 2,2A00-2F9Z
T31391,Approved,5A2Y
T31391,Phase 3,5A11
T31391,Phase 2,6A02
T31391,Phase 3,5A10
T31391,Investigative,5A41
T31391,Phase 3,5C50-5D2Z
T31391,Phase 1,BA41-BA43
T31391,Phase 2,EA90
T31391,Investigative,QB63
T31424,Phase 2,2A60
T31424,Discontinued in Phase 3,BA40
T31424,Approved,6A05
T31424,Approved,MD11
T31424,Approved,9A02
T31424,Approved,8B1Z
T31424,Approved,BA00
T31424,Phase 2,8E43
T31424,Approved,9C61
T31424,Approved,BA00-BA04
T31424,Approved,MB24
T31424,Phase 3,8C0Z
T31424,Approved,6C43
T31424,Approved,9C40
T31424,Approved,MG30-MG3Z
T31424,Approved,HA00-HA01
T31479,Discontinued in Phase 1,BD40
T31479,Phase 1,BA00-BE2Z
T31479,Discontinued in Phase 1,CA23
T31479,Approved,1F54
T31479,Approved,5C57
T31479,Approved,5C52-5C59
T31479,Discontinued in Phase 2,EC90
T31479,Discontinued in Phase 2,FA20
T31479,Discontinued in Phase 2,ND56
T31479,Phase 2,CA08
T31518,Phase 3,5C80
T31595,Approved,1E30-1E32
T31600,Phase 1,2A00-2F9Z
T31621,Approved,ED80
T31621,Phase 2,BD40
T31621,Phase 1,2C94
T31621,Phase 1,2B72
T31621,Phase 1,2D8Y
T31621,Investigative,2A83
T31621,Discontinued in Phase 2,8A20-8A23
T31621,Terminated,9B71
T31621,Phase 3,2A00-2F9Z
T31751,Approved,1F40-1F45
T31818,Phase 2,FA20
T31825,Phase 1,3A51
T31825,Phase 1/2,3A50
T31902,Investigative,2A00-2F9Z
T31946,Terminated,BA40
T31946,Approved,2B91
T31946,Phase 2,8E43
T31946,Phase 1/2,9B75
T31946,Phase 1,8C0Z
T31946,Phase 2,EA90
T31946,Phase 1,9B71
T31946,Phase 1,2A00-2F9Z
T31946,Phase 2,2B72
T31956,Phase 2,BA00-BA04
T31989,Phase 3,2A00-2F9Z
T31992,Approved,1A00-1C4Z
T31992,Approved,5C50-5C59
T31992,Investigative,2A00-2F9Z
T32060,Approved,5A2Y
T32060,Withdrawn from market,6C50-6C5Z
T32060,Phase 1,8A20
T32060,Phase 1,6A05
T32060,Phase 1,6A60
T32060,Phase 1,6A70-6A7Z
T32060,Phase 2,6A20
T32060,Approved,6B00-6B0Z
T32060,Discontinued in Phase 2,BA00-BE2Z
T32060,Investigative,8A04-8D87
T32060,Approved,8B1Z
T32060,Phase 3,7A00
T32060,Phase 3,7A00-7B2Z
T32060,Phase 1b,GB61
T32060,Phase 2,2C10
T32060,Phase 2,6A21
T32060,Phase 2,5A11
T32060,Investigative,MG30
T32060,Phase 3,6B40
T32060,Phase 3,7A00-7A0Z
T32060,Phase 2,9C61
T32060,Discontinued in Phase 3,DB60
T32060,Discontinued in Phase 2,BA00-BA04
T32060,Approved,5C58
T32060,Discontinued in Phase 2,8A80
T32060,Approved,6A60-6E23
T32060,Terminated,DC31-DC34
T32060,Patented,GA90
T32060,Discontinued in Phase 1,6A20-6A25
T32060,Phase 2,6B04
T32137,Phase 2,GA14-GC01
T32137,Discontinued in Phase 2,FA20
T32247,Approved,FB85
T32247,Terminated,BA00-BA04
T32247,Phase 3,MG30-MG3Z
T32262,Investigative,8A80
T32262,Phase 2,8A81
T32282,Discontinued in Phase 2,8A40
T32335,Investigative,2A83
T32335,Investigative,FA20
T32348,Phase 2,MG30-MG3Z
T32369,Approved,1E30-1E32
T32387,Approved,EF20
T32456,Phase 3,BD52
T32468,Investigative,1F40-1F45
T32468,Investigative,GC08
T32578,Approved,3A00-3A9Z
T32578,Phase 1,DD70
T32578,Phase 2,4A40
T32578,Phase 2,FA20
T32578,Phase 3,4A44
T32578,Phase 2,8B60
T32578,Phase 2,8A40
T32578,Phase 2,6C43
T32578,Phase 2,FA21
T32720,Phase 2,2A83
T32764,Phase 1,8E43
T32780,Phase 1,BA00-BE2Z
T32855,Terminated,8A04-8D87
T32855,Discontinued in Phase 2,DD91
T32862,Approved,1A00-1C4Z
T32862,Approved,1F29-1F2F
