0,1,2
Discontinued in Phase 2,Antagonist,35
Terminated,Modulator,186
Discontinued in Phase 1,Antagonist,32
Terminated,Inhibitor,121
Phase 1,Modulator,202
Discontinued in Phase 2,Modulator,110
Phase 1/2,Inhibitor,37
Discontinued in Phase 2,Inhibitor,116
Terminated,Antagonist,36
Discontinued in Phase 1,Agonist,15
Preclinical,Inducer,1
Phase 2,Inhibitor,272
Phase 1,Inhibitor,238
Phase 1,Agonist,33
Discontinued in Preregistration,Modulator,7
Preclinical,Antagonist,24
Phase 3,Agonist,22
Discontinued in Phase 1,Inhibitor,55
Phase 2,Antagonist,75
Preclinical,Modulator,14
Phase 1/2,Modulator,41
Discontinued in Phase 1,Modulator,64
Phase 2,Modulator,258
Phase 3,Inhibitor,119
Phase 1,Antagonist,54
Terminated,Agonist,13
Phase 3,Binder,2
Phase 3,Modulator,134
Phase 1/2,Antagonist,5
Discontinued in Phase 2,Blocker,1
Phase 3,Antagonist,29
Investigative,Modulator,104
Phase 2,Agonist,54
Phase 2,Stimulator,3
Phase 2/3,Inhibitor,11
Clinical trial,Agonist,3
Phase 2,Activator,6
Application submitted,Antagonist,1
Phase 1,Stimulator,4
Phase 1,Immunomodulator,2
Phase 1/2,Immunomodulator,2
Phase 1/2,Agonist,1
Phase 2,Immunomodulator,1
Phase 2,Partial agonist,3
Phase 0,Inhibitor,1
Phase 2/3,Antagonist,3
Application submitted,Inhibitor,1
Phase 1,Blocker,1
Phase 2/3,Agonist,1
Discontinued in Phase 2,Agonist,23
Preclinical,Inhibitor,30
Discontinued in Phase 3,Antagonist,8
Discontinued in Phase 1,Activator,2
Approved,Inhibitor,233
Phase 2/3,Modulator,7
Terminated,Blocker,2
Discontinued in Phase 3,Modulator,31
Approved,Antagonist,66
Approved,Agonist,46
Discontinued in Phase 2,Activator,2
Phase 2,Blocker,7
Investigative,Inhibitor,214
Approved,Modulator,261
Investigative,Agonist,20
Investigative,Antagonist,54
Clinical trial,Inhibitor,10
Investigative,Activator,3
Investigative,Stimulator,2
Approved,Modulator (allosteric modulator),3
Investigative,Modulator (allosteric modulator),2
Investigative,Opener,2
Phase 2,Inducer,1
Discontinued in Phase 1,Inducer,1
Investigative,Binder,4
Preclinical,Agonist,9
Discontinued in Phase 3,Blocker,2
Discontinued in Phase 2,Suppressor,1
Phase 1,Binder,5
Approved,Stimulator,5
Discontinued in Phase 1/2,Inhibitor,4
Preregistration,Modulator,3
Discontinued in Phase 3,Agonist,7
Approved,Binder,37
Approved,Cofactor,1
Discontinued in Phase 3,Inhibitor,12
Clinical trial,Blocker (channel blocker),2
Approved,Blocker,19
Phase 1,Opener,1
Discontinued in Preregistration,Inhibitor,1
Phase 4,Antagonist,1
Terminated,Binder,4
Phase 4,Modulator,6
Withdrawn from market,Modulator,5
Investigative,Blocker,3
Preclinical,Blocker,1
Withdrawn from market,Inhibitor,11
Phase 2,Regulator,1
Discontinued in Phase 1,Binder,2
Phase 3,Activator,1
Approved,Activator,10
Phase 4,Inhibitor,2
Withdrawn from market,Antagonist,2
Phase 3,Blocker,2
Approved,Regulator (upregulator),1
Preclinical,Suppressor,1
Preclinical,Binder,4
Phase 2a,Antagonist,2
Discontinued in Phase 2/3,Modulator,1
Approved,Intercalator,2
Terminated,Inducer,1
Phase 1/2,Enhancer,1
Phase 3,Enhancer,1
Phase 2,Immunomodulator (Immunostimulant),1
Phase 2,Enhancer,2
Phase 3,Immunomodulator,2
NDA filed,Modulator,1
Phase 2/3,Immunomodulator,1
Phase 2,Binder,2
Discontinued in Preregistration,Antagonist,1
Phase 1/2,Activator,1
Phase 2,Immunostimulant,1
Approved,Inducer,1
Phase 2a,Inhibitor,1
Phase 2b,Inhibitor,1
Preclinical,Regulator (upregulator),1
Phase 1b,Inhibitor,1
Preregistration,Inhibitor,1
Phase 1/2,CAR-T-Cell-Therapy,26
Phase 1,CAR-T-Cell-Therapy,21
Phase 1/2,CAR-T-Cell-Therapy(Dual specific),2
Preclinical,CAR-T-Cell-Therapy,5
Phase 0,CAR-T-Cell-Therapy,4
Phase 0,CAR-T-Cell-Therapy(Dual specific),1
Phase 1,CAR-T-Cell-Therapy(Dual specific),1
Discontinued in Phase 1/2,Agonist,1
Phase 1/2,Blocker,1
Discontinued in Phase 1/2,Modulator,1
Registered,Modulator,1
Phase 1b/2a,Modulator,2
Patented,Inhibitor,277
Patented,Antagonist,8
Patented,Binder,1
Patented,Stablizer,1
Patented,Ligand,5
Discontinued in Phase 1,Blocker,1
Discontinued in Phase 2b,Antagonist,1
Discontinued in Phase 3,Binder,1
Phase 2/3,Breaker,1
